file_id,filename,b1_rms,b1_kurtosis,b1_skewness,label,peak_freq_hz,spectral_centroid,spectral_energy,top_freq_1_hz,top_amp_1,top_freq_2_hz,top_amp_2,top_freq_3_hz,top_amp_3,top_freq_4_hz,top_amp_4,top_freq_5_hz,top_amp_5
0,2004.02.12.10.32.39,0.0741789985651262,0.6287626426442561,0.0839934354125321,Normal,1009.0,4173.309307034485,0.010794809716904084,1009.0,0.04230153733086346,51.0,0.011834460738660393,237.0,0.00554640397240367,4372.0,0.004717740092866531,4640.0,0.004434173966146206
1,2004.02.12.10.42.39,0.0753824568113952,0.6482910813108549,0.0521419073313326,Normal,1009.0,4197.722211212898,0.011350484298210478,1009.0,0.035461123090476936,51.0,0.012306929364844475,237.0,0.00720930810988084,4433.0,0.005447152179007916,4675.0,0.0046630946843633
2,2004.02.12.10.52.39,0.0762297744691993,0.5134753088232071,0.0328079981150351,Normal,1009.0,4149.606738513476,0.01160875062755261,1009.0,0.03378065594557981,51.0,0.01163000851760154,4479.0,0.006477964288620335,474.0,0.006134610651826104,4723.0,0.004399556307985397
3,2004.02.12.11.02.39,0.0787236764660297,1.1579527230048088,0.0414859617161303,Normal,1009.0,4125.13687323199,0.012383079262355587,1009.0,0.03496961189874059,51.0,0.011518082909326878,4695.0,0.006031711994445257,4393.0,0.005509655736798936,4264.0,0.0040831382280795666
4,2004.02.12.11.12.39,0.0784742907367796,0.6031769286310373,0.0282239443681932,Normal,1009.0,4141.750189699568,0.012303734572261731,1009.0,0.03189050198647205,51.0,0.010675242266158997,474.0,0.006390027319409682,4479.0,0.006086300611213384,3555.0,0.004711854901861827
5,2004.02.12.11.22.39,0.0783146413938072,0.4560936214628643,0.026852972301411,Normal,1010.0,4116.380766622374,0.012260035712847292,1010.0,0.029377521495200395,51.0,0.010803210648828339,237.0,0.0062784759589226795,4447.0,0.004948631975691459,475.0,0.004912069300787292
6,2004.02.12.11.32.39,0.0786324432585717,0.4786149756059883,0.0585945791507246,Normal,1009.0,4135.559177564066,0.012359244681934686,1009.0,0.04277308146260565,51.0,0.010893808088835581,237.0,0.005727180513915194,474.0,0.0050146181472919054,4439.0,0.0047771940881027875
7,2004.02.12.11.42.39,0.0777728802246483,0.4719824550317817,0.0825818179550488,Normal,1009.0,4133.419282568408,0.01208748034474189,1009.0,0.037877641579378965,51.0,0.009554026987593578,4485.0,0.007105685065073919,237.0,0.005906155675323991,4729.0,0.004270308746805296
8,2004.02.12.11.52.39,0.0790294298426225,0.404514320897305,-0.0080602937107421,Normal,1010.0,4120.447830423297,0.012483326682118065,1010.0,0.03653000410918695,51.0,0.010861046483853944,4418.0,0.005588686717498718,237.0,0.00527215586566952,4309.0,0.00512536122437425
9,2004.02.12.12.02.39,0.0757175598983031,0.32520331504832,0.0463210669448799,Normal,1010.0,4101.2190111279315,0.011455716952634172,1010.0,0.03025358804155373,51.0,0.011083007528309829,237.0,0.00775739545153476,474.0,0.005750032934323784,4448.0,0.004844397484232414
10,2004.02.12.12.12.39,0.0792411164801179,0.4552119318712826,0.0335197467618938,Normal,1009.0,4114.380828177002,0.012550414449755567,1009.0,0.039521850440822445,51.0,0.010025418429596242,4485.0,0.007789060089333631,474.0,0.004770359724674555,349.0,0.004690891683949674
11,2004.02.12.12.22.39,0.077638908086269,0.6415150749455005,0.0195652981323881,Normal,1009.0,4101.851297054952,0.012049638000223324,1009.0,0.02780105217873014,51.0,0.010259247170917453,4390.0,0.005951958152446802,237.0,0.005286240702044236,474.0,0.004916529907673256
12,2004.02.12.12.32.39,0.077404580876231,0.3647260382142652,0.0257700551009951,Normal,1009.0,4128.437226949284,0.011969489286890171,1009.0,0.04165626889037469,51.0,0.009812236336745467,474.0,0.006045271941661923,4492.0,0.0058959416475657354,236.0,0.004770631000480136
13,2004.02.12.12.42.39,0.0798646872010324,0.5982531546782233,0.0367497915111273,Normal,1009.0,4109.658274659768,0.01275298953549199,1009.0,0.028861813580789195,51.0,0.009670059415403384,4397.0,0.005510777705558344,4276.0,0.005024436009469431,505.0,0.004864407791039977
14,2004.02.12.12.52.39,0.0792169800714507,0.5511103583412886,0.024887726210298,Normal,1009.0,4117.563750936941,0.012537625567744966,1009.0,0.03235497796091175,51.0,0.010334280294346472,474.0,0.006679450799772351,237.0,0.006296706530545041,4402.0,0.005366352903911822
15,2004.02.12.13.02.39,0.0786617772193871,0.5530516614826197,-0.013483613994623,Normal,1009.0,4119.366348547952,0.01237012784759279,1009.0,0.04268133348766211,51.0,0.010036429726112208,474.0,0.008682757676644408,4490.0,0.0060268114618346556,1923.0,0.004344399052208337
16,2004.02.12.13.12.39,0.078453383600948,0.4799660990734948,0.0164555313351937,Normal,1009.0,4096.818097316614,0.012300999258268856,1009.0,0.04179024121395029,51.0,0.011124780709854216,237.0,0.006105614223797438,4385.0,0.005824013923220405,4721.0,0.005092311497469248
17,2004.02.12.13.22.39,0.0776227741604187,0.4477488811593342,0.0203905108983827,Normal,1010.0,4082.7035610607154,0.012044146884615307,1010.0,0.037721764511427,51.0,0.010242896729366227,237.0,0.004945567598092108,4398.0,0.004684956941617351,3443.0,0.00463413893484876
18,2004.02.12.13.32.39,0.0778255583294901,0.341445316373242,0.0035138311433548,Normal,1009.0,4080.973653799651,0.01209710060281647,1009.0,0.03282987964008499,51.0,0.009971026643361773,237.0,0.007880352804305229,4427.0,0.005992706860568377,474.0,0.005163896965491414
19,2004.02.12.13.42.39,0.0789331606338948,0.5964296522845243,-0.0321235718234083,Normal,1009.0,4098.310108849725,0.012448718407909613,1009.0,0.037306938908035873,51.0,0.010614119136716255,4429.0,0.005240458271315647,4176.0,0.0051397733808685245,4316.0,0.004715867661244055
20,2004.02.12.13.52.39,0.0790285478605872,0.5063801110635779,0.0615529850342097,Normal,1009.0,4122.434736351637,0.012486018911389013,1009.0,0.04016259026501478,51.0,0.011290604235275952,237.0,0.006880955698623407,4406.0,0.005618272176698469,4514.0,0.005036086270663084
21,2004.02.12.14.02.39,0.0793632849991693,0.3844068433999399,0.0377441464416183,Normal,1009.0,4096.634856479926,0.012588900993083752,1009.0,0.03230602294241832,51.0,0.009578551642292807,237.0,0.008525731590665803,4485.0,0.00820730980074453,4306.0,0.004808584952036726
22,2004.02.12.14.12.39,0.0794867204047514,0.4149724425540562,0.0197077538694556,Normal,1009.0,4107.778989962401,0.012626637358720653,1009.0,0.032384961801175366,44.0,0.010729845534292319,4478.0,0.00784537005904592,4722.0,0.00571243955239227,4355.0,0.004878263560272745
23,2004.02.12.14.22.39,0.0797529434091424,0.5200740317916859,-0.0385188950953316,Normal,1009.0,4135.899859010962,0.012706679723259414,1009.0,0.03001801404830913,51.0,0.0106586904563193,474.0,0.0057604578428109765,4386.0,0.0056894447204466425,4500.0,0.00547223165924076
24,2004.02.12.14.32.39,0.0793813878458176,0.4846810415588352,-0.0365491771140678,Normal,1009.0,4101.129876146983,0.012593392310394129,1009.0,0.03353490082742237,44.0,0.010346435156459116,237.0,0.009515554042459629,4493.0,0.006770805283322841,474.0,0.006138995138275271
25,2004.02.12.14.42.39,0.0775918794453348,0.3099755507638151,0.0266197723662214,Normal,1009.0,4104.774162166865,0.012030053381234267,1009.0,0.04159585954728123,51.0,0.011568306056653738,4492.0,0.007299242147219446,237.0,0.00612863288571791,4371.0,0.006067223334563284
26,2004.02.12.14.52.39,0.0777409956351457,0.3680421199233374,0.0013370289616362,Normal,1009.0,4137.729921094111,0.0120811432391516,1009.0,0.041919991799336996,51.0,0.010034639855371095,4430.0,0.006302153797573167,474.0,0.004805400632347426,4659.0,0.004657471367839539
27,2004.02.12.15.02.39,0.0775139440580693,0.4042083382464931,-0.0326706483190684,Normal,1009.0,4068.270612754384,0.01200633160312109,1009.0,0.035191939398006924,51.0,0.010157530857832513,237.0,0.007900286523289073,4386.0,0.005943464717395843,4263.0,0.004799098751167114
28,2004.02.12.15.12.39,0.0782795440183369,0.3419917127536731,0.0336968760418546,Normal,1009.0,4102.33803878735,0.012243418326036584,1009.0,0.043242292240173674,51.0,0.011269899393132275,237.0,0.00811426726353403,4477.0,0.006540375878500114,474.0,0.0050651862487413254
29,2004.02.12.15.22.39,0.0788611814361159,0.5350200636292444,-0.0068174888782596,Normal,1009.0,4123.881083294364,0.01242313331306244,1009.0,0.03977717193683739,51.0,0.009849693937754827,4470.0,0.006250771740036697,4180.0,0.004288677639490471,4337.0,0.004184794623707168
30,2004.02.12.15.32.39,0.0785823674660066,0.4890447103350155,-0.0026227136240164,Normal,1009.0,4098.007129698354,0.01233838600958477,1009.0,0.04081470130418464,44.0,0.010716893183721023,4499.0,0.006761367318583427,4377.0,0.004994707194878279,4711.0,0.004483372787818583
31,2004.02.12.15.42.39,0.0802309176470291,0.4867117699711172,0.0230622075772486,Normal,1009.0,4121.9697536624135,0.01286637816104767,1009.0,0.043041507887302814,51.0,0.010367907592936819,4712.0,0.007267723121000951,4469.0,0.006955125950293239,237.0,0.00676618968714544
32,2004.02.12.15.52.39,0.0774210702531334,0.5086729705515918,-0.0182662706783377,Normal,1010.0,4124.412776407407,0.011977752532208858,1010.0,0.028737475343830816,51.0,0.010669823388070186,4407.0,0.007227310169551828,4514.0,0.004558277692315131,4716.0,0.004260967906665302
33,2004.02.12.16.02.39,0.0790161246152881,0.404492415747514,0.02973078517796,Normal,1010.0,4106.895138081545,0.012478179600659932,1010.0,0.02825034309429016,51.0,0.010832522935995728,4493.0,0.00819792219845148,4188.0,0.005324044137230316,4372.0,0.0044406117853036595
34,2004.02.12.16.12.39,0.0782347541557618,0.4066809287512822,-0.01454113365996,Normal,1010.0,4094.2884482222803,0.012236958126412376,1010.0,0.03056735705468427,51.0,0.010855204586613888,237.0,0.0104231173004799,474.0,0.005955333145918689,4443.0,0.005776555301140077
35,2004.02.12.16.22.39,0.0781287058496067,0.4218788787843972,-0.0117237595662068,Normal,1009.0,4105.760331868456,0.012201236277550213,1009.0,0.03152624766936787,51.0,0.010673656748130053,4477.0,0.006131881344143446,4729.0,0.005793549269739719,4366.0,0.00512711455764636
36,2004.02.12.16.32.39,0.0768618910316988,0.409627806173567,-0.0128029384011031,Normal,1009.0,4124.197216339844,0.011806047232967238,1009.0,0.04563947322210108,51.0,0.011090980134948435,237.0,0.00714767582041279,4375.0,0.00551706123728733,4694.0,0.004651509593890429
37,2004.02.12.16.42.39,0.0798651870072506,0.5706517890996232,-0.0097771001510573,Normal,1009.0,4103.058300685762,0.012749388852181338,1009.0,0.04088088462949399,51.0,0.010809935295499706,4484.0,0.006154942600468827,4222.0,0.005393326907939675,237.0,0.004725374247151133
38,2004.02.12.16.52.39,0.077429174731553,0.3569692841046232,0.0451482578368148,Normal,1009.0,4090.02717930281,0.011978847697963377,1009.0,0.044825874841746854,51.0,0.010239902926872007,474.0,0.006854336757078032,4439.0,0.005302890581135822,3538.0,0.004576560265723495
39,2004.02.12.17.02.39,0.0784612560514543,0.6561008820895786,-0.0005041417219279,Normal,1010.0,4100.8034729994,0.012303407525484835,1010.0,0.040765914674720086,44.0,0.010148548680653685,237.0,0.006748911420336976,475.0,0.0057628365864653185,4418.0,0.0052764966203534954
40,2004.02.12.17.12.39,0.0785959604559929,0.5058926832599493,-0.0375021470417665,Normal,1009.0,4133.012290045195,0.012341303808906691,1009.0,0.04355261522310365,51.0,0.01051088888372722,4475.0,0.006288938616412398,237.0,0.005591787490865783,474.0,0.0051640439107474454
41,2004.02.12.17.22.39,0.078661426813651,0.4531140075529549,-0.0085671941098194,Normal,1009.0,4091.0788818484652,0.012367365574416606,1009.0,0.0406702302793882,51.0,0.01076116229089316,237.0,0.007745631253456577,474.0,0.007170254355187163,4701.0,0.005885727267180707
42,2004.02.12.17.32.39,0.077628540390781,0.4307640222326752,0.0446958300367771,Normal,1009.0,4084.7620458760593,0.012045904011621759,1009.0,0.03356800973361931,51.0,0.01131590639356845,4496.0,0.007133845231172997,4374.0,0.005140787161649023,4710.0,0.004815110690710072
43,2004.02.12.17.42.39,0.078208743242244,0.488396336752809,-0.0063561880042718,Normal,1009.0,4105.826506181288,0.012224997764929548,1009.0,0.04155527451544188,51.0,0.010221769680401952,474.0,0.006345943494614419,237.0,0.005770790917102846,4397.0,0.005433446342568539
44,2004.02.12.17.52.39,0.078088564316122,0.5367816627512911,0.0308682024183701,Normal,1009.0,4132.506146719828,0.012189213873310428,1009.0,0.04491994472633621,51.0,0.010520547728548619,237.0,0.007391758735265763,4712.0,0.006390640290324394,4424.0,0.005660365386488168
45,2004.02.12.18.02.39,0.076482262483594,0.4576700058997076,0.0181501225306825,Normal,1009.0,4132.338443826707,0.011692088787772139,1009.0,0.036746701366182986,51.0,0.01026033518270095,237.0,0.00849821891787526,4542.0,0.0050033706796156,4308.0,0.00458604826102146
46,2004.02.12.18.12.39,0.0789132753679434,0.3564760255027606,0.0683907659629997,Normal,1009.0,4147.75873367948,0.012445393998351527,1009.0,0.04559951404052198,51.0,0.010518864440682537,474.0,0.010267751927105814,4406.0,0.00614387466987561,237.0,0.0055693013440228645
47,2004.02.12.18.22.39,0.0773226647395307,0.498286101761717,0.0149212760743996,Normal,1009.0,4121.442733117455,0.011946545009098407,1009.0,0.039712994105690964,51.0,0.010336217413709652,237.0,0.00788536814491772,4689.0,0.005322973603754942,4436.0,0.005269099379052029
48,2004.02.12.18.32.39,0.0782475476352933,0.3297582489932256,0.0258243383048177,Normal,1009.0,4138.28447997586,0.012235420699866011,1009.0,0.04556374312342766,51.0,0.012140426724207119,474.0,0.006756612380972531,237.0,0.006538025956716944,4446.0,0.005228839945859869
49,2004.02.12.18.42.39,0.0769698265505305,0.4243128403754697,0.0466076515964551,Normal,1009.0,4138.5561733914565,0.011838711095410305,1009.0,0.04183114345196848,51.0,0.010032990232612258,474.0,0.006217212766935542,4401.0,0.005911350344993686,4281.0,0.004317949738865262
50,2004.02.12.18.52.39,0.0784796425633743,0.5533985473990728,-0.0418708521278142,Normal,1009.0,4151.916933141382,0.012307430682459937,1009.0,0.043681672265561015,51.0,0.011371440722097568,4476.0,0.006214948360532959,4349.0,0.0060249426554737275,237.0,0.004675222752166234
51,2004.02.12.19.02.39,0.0785395635148895,0.5791138307510244,-0.0238302704124404,Normal,1009.0,4108.375991868814,0.012328379012733684,1009.0,0.04319585944879802,51.0,0.010752693787694098,237.0,0.007735697566687471,4445.0,0.0052134326776418945,4327.0,0.005040793003207117
52,2004.02.12.19.12.39,0.0793809083677004,0.6276825132083981,0.0132154851691177,Normal,1008.0,4134.200199135026,0.01259444102563619,1008.0,0.03590484548064552,51.0,0.01072519070643941,4403.0,0.007284338919984853,4531.0,0.005915421694835773,504.0,0.005208042002459753
53,2004.02.12.19.22.39,0.0769133301291947,0.3985078570542333,-0.0478419629433012,Normal,1009.0,4133.997901260804,0.01182157221364519,1009.0,0.04232562653965583,51.0,0.01118991647529995,4370.0,0.005097761758190634,4657.0,0.004952870534395894,4483.0,0.00477565430418424
54,2004.02.12.19.32.39,0.0766279232593894,0.4252427854733462,0.0159180913655043,Normal,1009.0,4130.7974165636215,0.011735055868414408,1009.0,0.043005465562131834,51.0,0.010632938439828475,4498.0,0.004702481977121593,4720.0,0.004575685246165021,4290.0,0.004479491184948771
55,2004.02.12.19.42.39,0.0783392072750572,0.613387552300388,0.0508267209147819,Normal,1008.0,4146.900351065977,0.012264908800148813,1008.0,0.03390499062801983,51.0,0.011259736321398747,474.0,0.007723653755204592,4495.0,0.006040114587012395,4382.0,0.005600516871684469
56,2004.02.12.19.52.39,0.0773803136427678,0.4843217611881623,-0.0105525380817341,Normal,1009.0,4129.482166183435,0.01196278165824374,1009.0,0.042679974571166325,51.0,0.01067644132906001,4461.0,0.005701084664098462,4712.0,0.004120365910194356,1941.0,0.004009020320101321
57,2004.02.12.20.02.39,0.0774234728013733,0.4494151207921923,0.0073699605461076,Normal,1009.0,4115.1083705154315,0.011979531497899588,1009.0,0.03970607484867539,51.0,0.01080336070675529,237.0,0.006362380798301197,4468.0,0.005513705600801735,4186.0,0.004152987670420646
58,2004.02.12.20.12.39,0.0759975110098186,0.2985831400319756,-0.0067993719714701,Normal,1009.0,4087.285337441729,0.011541916289747687,1009.0,0.04281440741068592,51.0,0.011033474507776161,237.0,0.009922591794998875,4450.0,0.0059734090757961635,4678.0,0.004476222825286536
59,2004.02.12.20.22.39,0.0781288589671935,0.3479309532451049,0.0165210416119201,Normal,1009.0,4132.830140146361,0.012199905519642701,1009.0,0.04544867749166809,237.0,0.011244800122489799,51.0,0.00979700633002822,4476.0,0.006623760050156336,474.0,0.006553588217178755
60,2004.02.12.20.32.39,0.0786632849704597,0.4129906291536191,-0.0018897816381499,Normal,1009.0,4099.409669758817,0.01236675683818546,1009.0,0.040220363768832555,51.0,0.010958453870732625,4475.0,0.006976609982365403,4733.0,0.005131897959850868,4349.0,0.004643178952547887
61,2004.02.12.20.42.39,0.0771263263409048,0.3950734414213919,0.0089467048873354,Normal,1009.0,4135.011774844791,0.011885997403162624,1009.0,0.04560553225205501,51.0,0.009519647385849575,4261.0,0.005581887905093261,4688.0,0.005109267584706427,4491.0,0.005100687763277456
62,2004.02.12.20.52.39,0.079301470002335,0.4723936249303304,-0.0110747941845988,Normal,1009.0,4107.644700172366,0.012562890795311966,1009.0,0.04260660190867474,51.0,0.010992192953365959,237.0,0.007884194253975308,4326.0,0.005577995820292225,4483.0,0.00494092929109478
63,2004.02.12.21.02.39,0.0769426198413264,0.3944622448109758,-0.0011731127230121,Normal,1009.0,4110.892106031895,0.011831319782483089,1009.0,0.032219852397867996,51.0,0.010459429790523264,4437.0,0.006198638100545643,4667.0,0.0054834095898128555,3816.0,0.004241873068559177
64,2004.02.12.21.12.39,0.0771994016001541,0.3780082777784423,0.0333828741999993,Normal,1009.0,4108.528881788807,0.011911687282585884,1009.0,0.04160564322874182,51.0,0.010613430515287733,4475.0,0.006171584444668816,237.0,0.0061240348594414394,4127.0,0.004806284973510311
65,2004.02.12.21.22.39,0.0769963679262088,0.4364865722352333,0.0403405329980825,Normal,1009.0,4109.132757848943,0.011849439153619405,1009.0,0.0446622121322508,51.0,0.01054177295427262,237.0,0.007076828769338928,474.0,0.006454061780017889,4498.0,0.006083623281404589
66,2004.02.12.21.32.39,0.0774460721521555,0.4911372191123604,0.0423987202231687,Normal,1009.0,4111.212919987267,0.011987253789051926,1009.0,0.039964419252243595,51.0,0.010997766858521246,237.0,0.006319366814523716,4477.0,0.006151281069188091,474.0,0.005411769550484315
67,2004.02.12.21.42.39,0.0766416564660457,0.3460049721647049,0.0499064516312915,Normal,1009.0,4130.7930931865185,0.011738901127300073,1009.0,0.04415035284995272,51.0,0.010807559977467792,4400.0,0.005455207328122942,4520.0,0.004857617027517126,4727.0,0.004643532747373274
68,2004.02.12.21.52.39,0.0769556484357832,0.4469901117158317,-0.0126964097722315,Normal,1009.0,4131.286808747083,0.01183515763116676,1009.0,0.041053905452740874,51.0,0.009500932148073672,237.0,0.005240797319607569,4675.0,0.004556498423356744,4434.0,0.004512937443324104
69,2004.02.12.22.02.39,0.0773247059887718,0.4880416166718633,0.0437283345652837,Normal,1008.0,4127.7549151289295,0.011945696076079766,1008.0,0.042578722634401434,51.0,0.01042967518477212,237.0,0.00796261480135753,4479.0,0.0061341380213299395,474.0,0.006012834862517821
70,2004.02.12.22.12.39,0.0757729244782354,0.5881648615563315,0.0317515680588232,Normal,1009.0,4147.393225946548,0.011465776726520771,1009.0,0.04037481153414921,51.0,0.010483079993994355,4734.0,0.005217859511707154,237.0,0.005154517522831057,4398.0,0.004910709231786949
71,2004.02.12.22.22.39,0.0766891312479317,0.3623983965568214,0.0320432974812023,Normal,1009.0,4109.603036434201,0.011753856836021159,1009.0,0.03946860484577029,51.0,0.010690188410439675,4428.0,0.005948245944573629,237.0,0.004523506001449732,3419.0,0.00443524655429532
72,2004.02.12.22.32.39,0.07740031675131,0.5401611783934817,0.0037309822695518,Normal,1009.0,4144.757618090824,0.011969511580565827,1009.0,0.04302202005158539,44.0,0.010794709939088099,237.0,0.00657527621878267,4428.0,0.005839918203346724,3590.0,0.004461534370603584
73,2004.02.12.22.42.39,0.0779550918022076,0.3260740035745182,-0.030949995995736,Normal,1009.0,4138.630515853253,0.012147130561015036,1009.0,0.04401220864211769,51.0,0.010485915319926561,237.0,0.009605841964224204,474.0,0.006905125305618537,4476.0,0.006725157892497161
74,2004.02.12.22.52.39,0.0788204118500959,0.3948251135159331,-0.0051681301375093,Normal,1009.0,4114.936242554333,0.012417075498577295,1009.0,0.029297804258175093,51.0,0.010743040754773515,4396.0,0.0054445674867693245,4149.0,0.004631819626218603,4503.0,0.004526065231711696
75,2004.02.12.23.02.39,0.0775606227109639,0.340161177797444,0.0106941722408667,Normal,1009.0,4131.17288282651,0.012022074099511988,1009.0,0.04366155438981967,51.0,0.011077037448650125,4293.0,0.00561913472037011,474.0,0.0049460786077147375,3584.0,0.004681120963588937
76,2004.02.12.23.12.39,0.0768905265697398,0.4461346262694334,-0.0526448356214815,Normal,1009.0,4081.355371652784,0.011814420882363211,1009.0,0.03364906881712706,51.0,0.010216816160379545,237.0,0.008298046723598119,4380.0,0.006081925801103781,4158.0,0.004631175218603918
77,2004.02.12.23.22.39,0.0782462743097674,0.4445772787585356,-0.0092801089087705,Normal,1009.0,4140.9329476375815,0.012236395887260429,1009.0,0.04266030382468837,51.0,0.010998608497850993,474.0,0.009832445822663084,4497.0,0.007266626943422143,4384.0,0.005897023865730145
78,2004.02.12.23.32.39,0.0767253297203936,0.6543006059840124,0.0245794239445527,Normal,1009.0,4153.750321897492,0.011766668749715487,1009.0,0.04395765194854785,51.0,0.009579796583425226,4476.0,0.004969024338529381,4106.0,0.004395641990286796,4703.0,0.004137587935521348
79,2004.02.12.23.42.39,0.0773825486649969,0.3863550827223339,-0.0226081924091522,Normal,1009.0,4151.251459483031,0.011971541983918789,1009.0,0.041610425308718196,237.0,0.01212941167270421,51.0,0.01037324340062279,4491.0,0.004942694815904845,4373.0,0.004894662409084681
80,2004.02.12.23.52.39,0.0769906180871247,0.4490551594338536,0.0311742894201705,Normal,1009.0,4157.2506921454415,0.011841067196973209,1009.0,0.04263843542156067,51.0,0.009748906113262778,475.0,0.006678177189094348,4405.0,0.005436809081118597,237.0,0.0048031319385421125
81,2004.02.13.00.02.39,0.0748226248892171,0.3027462055056253,0.0136914703507221,Normal,1009.0,4073.0401099592254,0.011186476519716219,1009.0,0.039042574282435155,51.0,0.010609694656112029,474.0,0.00895443297875642,4425.0,0.005708438159249771,237.0,0.004691965945312692
82,2004.02.13.00.12.39,0.0773385585378907,0.58162761268939,-0.0261962126327816,Normal,1009.0,4162.118848638684,0.011951395572700085,1009.0,0.043006134855429146,51.0,0.010568479819250673,474.0,0.00632319175864585,4392.0,0.005558058228615786,237.0,0.0050391611837407695
83,2004.02.13.00.22.39,0.0767939753394594,0.3194399375811279,0.0068579063652088,Normal,1009.0,4092.8338812408674,0.011786296395763804,1009.0,0.0397786039968868,51.0,0.009696311355369995,4402.0,0.005566475929104576,237.0,0.0054819013183323275,4610.0,0.004158047351120489
84,2004.02.13.00.32.39,0.077721765308917,0.4393592386496618,0.0070620473502682,Normal,1009.0,4091.810329225543,0.012073880020911252,1009.0,0.03674658930000937,51.0,0.010859929922709585,4429.0,0.005765444838368529,237.0,0.005471940296295512,3311.0,0.0054016009162206734
85,2004.02.13.00.42.39,0.0773589786144157,0.5730646490077822,0.0526889549680283,Normal,1009.0,4105.8971865441135,0.011960336637856752,1009.0,0.037319003329944554,51.0,0.010163659633279023,4481.0,0.006131642887305011,236.0,0.004785209492977353,504.0,0.00475135387812679
86,2004.02.13.00.52.39,0.0768917699569295,0.2631304571372461,-0.0135506773778181,Normal,1009.0,4128.250855461808,0.011808034416140872,1009.0,0.04351946623818736,51.0,0.00977559706661723,4371.0,0.005998377236804794,237.0,0.005611410193513924,4496.0,0.005130117549966902
87,2004.02.13.01.02.39,0.0749221806563108,0.4409564688174709,-0.0049732278709618,Normal,1008.0,4096.992961590642,0.011218542721176061,1008.0,0.026347895330536095,51.0,0.01016292959252726,237.0,0.007149447236438858,4716.0,0.00654246898510744,4489.0,0.005292058621843532
88,2004.02.13.01.12.39,0.0776306811528148,0.6069125322892983,0.0510543194591798,Normal,1009.0,4120.897861468463,0.012047411562431774,1009.0,0.038864636361602145,51.0,0.010516413628698314,237.0,0.006178804769632327,474.0,0.00539116157359859,4259.0,0.004956935537544011
89,2004.02.13.01.22.39,0.07778453061583,0.4203109108981144,-0.0141182653667166,Normal,1009.0,4128.9839947272185,0.012091440459991784,1009.0,0.035446466595529275,51.0,0.010083169167917558,237.0,0.008349060811208814,4369.0,0.0057161378187813045,4481.0,0.005006339042412607
90,2004.02.13.01.32.39,0.0785893111942354,0.3801399430969199,-0.048650059066129,Normal,1008.0,4101.8982777255505,0.012337197640214471,1008.0,0.028503041083135214,51.0,0.010382815528314911,237.0,0.007710291813637732,4407.0,0.005962084072779612,4259.0,0.005904910127873798
91,2004.02.13.01.42.39,0.0759905331788934,0.3464396355508277,-0.0196412478621998,Normal,1009.0,4084.884707846746,0.011535289812201853,1009.0,0.030953292463924,237.0,0.012241709015225935,51.0,0.010920564673974675,4395.0,0.005160997497490042,4724.0,0.005138355883721434
92,2004.02.13.01.52.39,0.0767109717925628,0.358155992917113,-0.0057015413383112,Normal,1009.0,4117.358139336797,0.011760691996860527,1009.0,0.038717616784232876,474.0,0.010835588884493126,51.0,0.009868533382191267,237.0,0.008755058958260146,4371.0,0.005558737266488003
93,2004.02.13.02.02.39,0.0750442929105038,0.3535492935283617,-0.0236184857851431,Normal,1009.0,4105.03716640113,0.011254593886168401,1009.0,0.03428778318577286,51.0,0.010285872309240891,4392.0,0.005673425026462319,474.0,0.005624884227464332,4660.0,0.004709999859487985
94,2004.02.13.02.12.39,0.0782462777419395,0.5428820813815229,0.0238912743063464,Normal,1009.0,4123.8371091240315,0.012237457977247432,1009.0,0.02635756583785572,51.0,0.011285207268521467,4488.0,0.006379654166056799,237.0,0.005649813409213151,4680.0,0.005463714749788014
95,2004.02.13.02.22.39,0.0774503545626164,0.5008486498061995,0.0216318315269545,Normal,1009.0,4116.598985168404,0.011989821961338534,1009.0,0.039778573329484514,51.0,0.010673074353630086,474.0,0.006908107651864487,237.0,0.006666300378264392,4496.0,0.005930683816529416
96,2004.02.13.02.32.39,0.0783160298860289,0.5366345309682168,-0.0037356983017462,Normal,1009.0,4097.32654739484,0.012259548375833138,1009.0,0.034269010631368814,51.0,0.010575232843920784,474.0,0.007148123386821855,4432.0,0.006919144827803621,237.0,0.004542851186690732
97,2004.02.13.02.42.39,0.0765601491986039,0.3892193620919868,0.0105926702214234,Normal,1009.0,4102.011309022889,0.011711030932606281,1009.0,0.03447517525023185,51.0,0.010510194093910179,474.0,0.007076206236284234,4474.0,0.004716645390829964,1921.0,0.004131579004132641
98,2004.02.13.02.52.39,0.0776802038005823,0.4508614826233654,0.012000841891185,Normal,1009.0,4103.440007515318,0.01205686153196205,1009.0,0.028272382362614912,51.0,0.010814089192183018,4716.0,0.005773737011181278,4357.0,0.005297942411752165,4158.0,0.00492512853448063
99,2004.02.13.03.02.39,0.0757156300946178,0.3925339025403622,-0.0127753230052321,Normal,1009.0,4143.807704562118,0.011456601209061747,1009.0,0.03778788685500666,51.0,0.009895126963839984,474.0,0.007061391649851214,4423.0,0.006198097684389152,4704.0,0.004962300454216771
100,2004.02.13.03.12.39,0.0779462057211775,0.5248632368505843,0.0329649759572099,Normal,1009.0,4146.569591968197,0.012143740956713778,1009.0,0.036929739839494845,51.0,0.010479144318561541,237.0,0.005888248708844189,474.0,0.005770925093205625,4634.0,0.00576130651388073
101,2004.02.13.03.22.39,0.0765939269046304,0.4165630099460307,-0.0611595149988313,Normal,1009.0,4110.112139453217,0.011717263384346104,1009.0,0.03572978588498881,51.0,0.010355470944414878,237.0,0.008665125552177527,474.0,0.007299726934860164,4703.0,0.004868710603877784
102,2004.02.13.03.32.39,0.0763999198553653,0.4453741256774362,-0.0478826996400214,Normal,1009.0,4130.2998109539485,0.011665442885140119,1009.0,0.03750538396404671,51.0,0.010884293818955006,474.0,0.006912133126604155,4341.0,0.005203636846055671,4467.0,0.004560897392038747
103,2004.02.13.03.42.39,0.0766318018621552,0.4007797505176063,-0.0180452754106096,Normal,1009.0,4096.663796038847,0.011735740868195215,1009.0,0.030947136034737168,51.0,0.010731108676535215,237.0,0.007653567319788783,474.0,0.006371211209236782,4467.0,0.005154513818217475
104,2004.02.13.03.52.39,0.0772828175386919,0.5316575196159739,0.0418055599042889,Normal,1009.0,4158.121994856828,0.011937449673214182,1009.0,0.04081295024100262,51.0,0.010560509637537817,4388.0,0.006949701626710586,237.0,0.006411587732532122,3626.0,0.004685281998596041
105,2004.02.13.04.02.39,0.0776406155665118,0.4422063380916792,-0.0026571381328872,Normal,1009.0,4097.039015642851,0.012044678067896778,1009.0,0.0392060360822368,51.0,0.010839028023069087,474.0,0.007179970651454228,4500.0,0.006625468504904779,4712.0,0.005776082534821914
106,2004.02.13.04.12.39,0.0768205504579097,0.4360999697344807,-0.0015293163511521,Normal,1009.0,4148.732981761876,0.011797885703513053,1009.0,0.041780755053417204,51.0,0.010536882103993497,4409.0,0.005325667222056534,4519.0,0.004863059539952108,475.0,0.004493134814080337
107,2004.02.13.04.22.39,0.0760618968880156,0.4773209140232182,0.0167511483895828,Normal,1009.0,4108.074721734532,0.011563954516643318,1009.0,0.04032758325449239,51.0,0.010519191450973889,475.0,0.00614568321050485,4417.0,0.005214675441777696,237.0,0.005074483063539132
108,2004.02.13.04.32.39,0.0760405791517553,0.4479454656885884,0.0358434139483311,Normal,1009.0,4127.5454385988105,0.011556345479583957,1009.0,0.04344728800115786,51.0,0.010590672115154,237.0,0.007675874141928373,474.0,0.006743978988287812,4476.0,0.005988946337015764
109,2004.02.13.04.42.39,0.0773597751706474,0.4183562035156178,0.0350032500214415,Normal,1009.0,4109.82617420611,0.011961784394947697,1009.0,0.0374553060524015,51.0,0.010393554405048001,4428.0,0.005356262641625746,237.0,0.005232089545292208,4144.0,0.005017020039047917
110,2004.02.13.04.52.39,0.0765037277609929,0.4765381440622018,-0.0057696433145599,Normal,1009.0,4123.677409971355,0.011695175559419329,1009.0,0.03999887557522053,51.0,0.010668384071810982,237.0,0.007753115352631826,4412.0,0.00696807222161079,4169.0,0.004995414859881762
111,2004.02.13.05.02.39,0.0762754484940518,0.387836383529768,-0.0203846835729125,Normal,1009.0,4097.9056870017785,0.01162992524790416,1009.0,0.03134147642152086,51.0,0.010777380642938825,4474.0,0.005891844591626244,4263.0,0.005237281254117831,4709.0,0.004294783705183331
112,2004.02.13.05.12.39,0.0779773100887166,0.4254419235589375,-0.0099928328704219,Normal,1009.0,4082.0206386950654,0.01215516777780221,1009.0,0.03662047368949504,44.0,0.011616638464556538,237.0,0.011079373904557627,474.0,0.005043694411247808,4462.0,0.004661662389786064
113,2004.02.13.05.22.39,0.0760653325402126,0.450632419481404,-0.0211450942067463,Normal,1009.0,4080.422705059346,0.01156249842344305,1009.0,0.036463329508959585,51.0,0.010814902740495121,474.0,0.007502345792945344,4448.0,0.00588929391066766,237.0,0.004968178664128784
114,2004.02.13.05.32.39,0.0768050345360128,0.4783552562370219,0.0311093072007488,Normal,1009.0,4125.171474519846,0.011789359953358556,1009.0,0.03455636187695087,51.0,0.009740045469669563,236.0,0.006224706515405643,474.0,0.006057603374057141,4456.0,0.005151401949907563
115,2004.02.13.05.42.39,0.0755123832197822,0.3984273331430605,-0.0275235538185988,Normal,1009.0,4122.728187882576,0.01139582786437168,1009.0,0.039047815277053255,51.0,0.010479710781840705,4142.0,0.005338468308444478,4403.0,0.005157587915306183,4732.0,0.004837319305065889
116,2004.02.13.05.52.39,0.0789483965410713,0.5276336298870357,0.0588313751324776,Normal,1009.0,4144.15207437644,0.012460651687563723,1009.0,0.04272499714989447,51.0,0.01043612406349626,474.0,0.006698621365016358,237.0,0.006289149307953754,4491.0,0.005848024679252171
117,2004.02.13.06.02.39,0.0772153821098814,0.4862324196442018,0.0059385764986372,Normal,1009.0,4131.495696260677,0.011918869016318492,1009.0,0.03723829016831975,51.0,0.010390807436926226,474.0,0.006823648328629976,237.0,0.006190812875794971,4432.0,0.0049903006856002186
118,2004.02.13.06.12.39,0.0777582227866448,0.5105274416299461,-0.025183035895984,Normal,1009.0,4113.262336844794,0.012082646009345298,1009.0,0.03744495782739254,51.0,0.011419921972504488,237.0,0.008686834937556637,4499.0,0.006000973891433812,4373.0,0.00563128535244592
119,2004.02.13.06.22.39,0.0772733429537638,0.6148985783371206,-0.025768231835504,Normal,1009.0,4110.767698618833,0.01193863952054399,1009.0,0.03639504678555283,44.0,0.010258928798070187,237.0,0.0061410145959174675,4414.0,0.005858834430822644,474.0,0.004909556621546094
120,2004.02.13.06.32.39,0.0766900818381604,0.4040831221348422,0.020313258117192,Normal,1009.0,4127.680141144518,0.011752399630770296,1009.0,0.04202294983013534,51.0,0.011376469518456169,4492.0,0.006257128050553228,237.0,0.005828709638421872,4389.0,0.004819150912294243
121,2004.02.13.06.42.39,0.0781278252614145,0.5378888733945129,-0.0319850125719297,Normal,1009.0,4102.413469332616,0.01219814879071125,1009.0,0.03934561205352371,237.0,0.012042110343686966,51.0,0.010460796034987395,4261.0,0.005538045523218969,4507.0,0.0048771056346515705
122,2004.02.13.06.52.39,0.0778183676251548,0.4002455766738801,-0.0153596317776344,Normal,1009.0,4131.694167322889,0.01210508492230944,1009.0,0.04300167228412243,51.0,0.0115573795576573,4491.0,0.005382246275106904,4203.0,0.00451994615170241,349.0,0.004518075979258913
123,2004.02.13.07.02.39,0.0791846286846246,0.4507943486351515,-0.020519835462744,Normal,1009.0,4114.151408216659,0.012533861737833852,1009.0,0.038945535488011565,44.0,0.009465053058702764,4340.0,0.006152286783567865,4497.0,0.005072916881625116,474.0,0.0049998724397961524
124,2004.02.13.07.12.39,0.0763926464116884,0.3466352920025497,0.0101505211423457,Normal,1009.0,4128.819265082319,0.011664049605713298,1009.0,0.04278632400608633,51.0,0.010449252362009748,237.0,0.005941697887959284,4648.0,0.004504596646111853,4346.0,0.0044821116309255535
125,2004.02.13.07.22.39,0.0771387194037469,0.4445053285611084,-0.0300330118978725,Normal,1009.0,4150.626376599262,0.011887200957309095,1009.0,0.04135612918596958,51.0,0.01003414917886759,237.0,0.008327595659288374,4369.0,0.005701117800203544,4474.0,0.005229117218871982
126,2004.02.13.07.32.39,0.0761974348142089,0.3380137985962994,-0.014486936382795,Normal,1009.0,4134.326782504154,0.01160009842420445,1009.0,0.0422353801405045,51.0,0.010800158931168286,237.0,0.008298156910100121,4415.0,0.0051235452030456725,4310.0,0.0049275547228699555
127,2004.02.13.07.42.39,0.0763485655844094,0.4714581263449666,0.0254111214343929,Normal,1009.0,4100.976819384864,0.011647213242851841,1009.0,0.031895247032327705,51.0,0.01027673333172116,237.0,0.009142868940255237,4493.0,0.004827835092027634,4359.0,0.004694738152723373
128,2004.02.13.07.52.39,0.076352099612482,0.3800510420069867,-0.0091181728850724,Normal,1009.0,4113.032455898773,0.011651780115848765,1009.0,0.03864534351426164,51.0,0.010256363117133892,4350.0,0.006399042246522425,4228.0,0.005281960524684166,4497.0,0.004698531395274402
129,2004.02.13.08.02.39,0.0749701125345127,0.3385783303104972,-0.0058858934138351,Normal,1009.0,4120.449101670117,0.01123564825321165,1009.0,0.03570756445773654,51.0,0.009670058939952717,4368.0,0.00512103615258541,4498.0,0.004929187116134593,4191.0,0.00442974243886981
130,2004.02.13.08.12.39,0.0759947813149651,0.2445073274091016,-0.0282112854435176,Normal,1009.0,4136.6955026125715,0.011536298137929252,1009.0,0.0401288840384342,237.0,0.013434092027977016,51.0,0.010849834806289186,474.0,0.008160515581926535,4369.0,0.005430217620623438
131,2004.02.13.08.22.39,0.0763751281837099,0.6446447698043443,0.03505867031403,Normal,1009.0,4119.019113241743,0.011655781617905253,1009.0,0.04206820989914811,237.0,0.0100119339648991,51.0,0.009577464964130217,474.0,0.007910180293620677,4460.0,0.005699067822422051
132,2004.02.13.08.32.39,0.0761586642390206,0.3468116029579766,-0.03312087227838,Normal,1009.0,4145.294420657853,0.011595749575558097,1009.0,0.0416851223388777,51.0,0.010953724804434583,4391.0,0.005237694230817632,237.0,0.004398965334405966,4176.0,0.004238918701865451
133,2004.02.13.08.42.39,0.0767504071650437,0.4102122577509011,-0.0007493083957233,Normal,1009.0,4091.81072884579,0.011770524049285875,1009.0,0.042452241095064285,237.0,0.012013896186189366,51.0,0.010177490634448538,4463.0,0.004736065871445556,4732.0,0.0046331262530576916
134,2004.02.13.08.52.39,0.0777560039005228,0.5009742049448347,-0.0404898372936607,Normal,1009.0,4100.925709080314,0.012083778903987315,1009.0,0.03997462117184758,51.0,0.011476791120611516,237.0,0.007421878307002381,4452.0,0.00534595468663859,4719.0,0.004368920013207005
135,2004.02.13.09.02.39,0.0782920744761642,0.5043214057082972,-0.0104667087491609,Normal,1009.0,4105.509978629388,0.012250342643860249,1009.0,0.039117851236016736,51.0,0.010110932277692268,237.0,0.007834924912966347,4488.0,0.004904277546391915,4372.0,0.004690636048798333
136,2004.02.13.09.12.39,0.0777104419815558,0.3657509634861617,0.0300433162624721,Normal,1009.0,4093.2476802737456,0.012070511769807838,1009.0,0.03779760828582429,51.0,0.010703876850745073,237.0,0.010561876699589546,474.0,0.00616955747545352,4495.0,0.005141655958249321
137,2004.02.13.09.22.39,0.0764751437227932,0.414344141995989,-0.0132166094240752,Normal,1009.0,4094.582292441241,0.011690408095992935,1009.0,0.038074462761919066,51.0,0.010257744057510686,237.0,0.006148010505163334,4307.0,0.005449132743061453,4178.0,0.00525632048960753
138,2004.02.13.09.32.39,0.0778043642207612,0.6014461458186253,0.0122273105415246,Normal,1009.0,4095.926414230701,0.012097008246161667,1009.0,0.03442357230996309,51.0,0.011029966407371306,237.0,0.00634921157643697,4467.0,0.0046966907542423525,4208.0,0.004629059230283223
139,2004.02.13.09.42.39,0.0752134550353816,0.3069850202401407,0.005750047966008,Normal,1009.0,4098.036518087925,0.011307055424898484,1009.0,0.04209512289766395,51.0,0.00994133098411152,4312.0,0.005306201876436097,474.0,0.005181164778343656,4475.0,0.0049485036428800295
140,2004.02.13.09.52.39,0.0767870829209941,0.4109711039546799,0.0145193365334866,Normal,1009.0,4094.5567736265643,0.011781048970962148,1009.0,0.03134271213539811,51.0,0.010948492921388647,237.0,0.006134095317063269,4485.0,0.006061843299232087,4312.0,0.00545346628317997
141,2004.02.13.10.02.39,0.0774211301679611,0.505432538984969,0.0112191831205412,Normal,1009.0,4124.281096830931,0.011973637219451806,1009.0,0.041002022088135415,51.0,0.009898147990225875,474.0,0.005678492244869563,4369.0,0.005015515934437938,237.0,0.004576036692466962
142,2004.02.13.10.12.39,0.0765823124875287,0.6014717502352931,-0.046256797279889,Normal,1009.0,4107.25476497385,0.011723777382336256,1009.0,0.04044378247019729,51.0,0.011009877639600416,237.0,0.008085135670648528,4386.0,0.004878499711442483,4655.0,0.0048282730368478
143,2004.02.13.10.22.39,0.0767776473259388,0.2859746134143255,-0.0199172784093431,Normal,1009.0,4128.346173410115,0.01178099573079395,1009.0,0.04448701929554641,51.0,0.010048472978269038,237.0,0.009143653041867573,474.0,0.007298866654054333,4401.0,0.005199907054417556
144,2004.02.13.10.32.39,0.0759113548098207,0.3737099239461083,-0.0456872313522567,Normal,1009.0,4096.602092765793,0.011514235967971118,1009.0,0.04114933903261046,51.0,0.010503598301545928,237.0,0.009937538237928673,4419.0,0.006052617076804059,4139.0,0.004110756064932347
145,2004.02.13.10.42.39,0.0758847987777978,0.5015377766649429,0.0417750332701409,Normal,1009.0,4098.06067633485,0.011509334088658393,1009.0,0.04321464477132961,51.0,0.01031248790237577,237.0,0.00955661197661202,4409.0,0.005279849448558249,1956.0,0.004595872450264336
146,2004.02.13.10.52.39,0.0760569816198684,0.3156659175567031,0.0113294803132415,Normal,1009.0,4101.230638109814,0.011563372431994911,1009.0,0.04325401127380422,51.0,0.010798137486636787,474.0,0.007304275177642915,237.0,0.005730747229566242,4433.0,0.004958300717171473
147,2004.02.13.11.02.39,0.075625561077464,0.4161307415388537,0.0412225610074664,Normal,1009.0,4103.256923908944,0.011421549495997153,1009.0,0.03790439885944136,51.0,0.010325761604171844,474.0,0.008336487728343452,237.0,0.007802424832681458,4428.0,0.0056362452383075055
148,2004.02.13.11.12.39,0.0762109675326696,0.4421486925018034,0.0020508795778689,Normal,1009.0,4113.69411069458,0.011609023231650428,1009.0,0.04042486363326241,51.0,0.010356596868079857,237.0,0.007697258386379683,474.0,0.006599818705172126,4496.0,0.0057555642908058285
149,2004.02.13.11.22.39,0.0768013535062411,0.3848917195361929,-0.0102415985458207,Normal,1009.0,4119.757098802771,0.011789386755666053,1009.0,0.04439068359132095,51.0,0.010066093052152288,237.0,0.008070774268240008,4437.0,0.0059942302030033395,4234.0,0.004910388933218622
150,2004.02.13.11.32.39,0.0751580064113889,0.4884129775588759,0.0463128987366793,Normal,1009.0,4111.505559922357,0.011291209836781039,1009.0,0.03897435391607439,51.0,0.011268210358046038,237.0,0.008927888671988463,474.0,0.008089214506790607,4398.0,0.0050022563593849715
151,2004.02.13.11.42.39,0.0789397088715099,0.530290575512856,0.0167850127531181,Normal,1009.0,4118.204122111684,0.012450957874490354,1009.0,0.040300103662488124,44.0,0.009840279979587134,4401.0,0.0059847890689810794,474.0,0.004431028636998773,237.0,0.004328448819482527
152,2004.02.13.11.52.39,0.0769239827433145,0.4776599891458457,0.0356005056576371,Normal,1009.0,4084.5509745017007,0.011823033136534373,1009.0,0.03761990487775632,51.0,0.010656869465379332,237.0,0.009930399047905082,4700.0,0.004779589416798233,4514.0,0.004706928366431394
153,2004.02.13.12.02.39,0.0764916416364191,0.4558731292846363,-0.0070740924336791,Normal,1009.0,4106.942230109173,0.011686441278299948,1009.0,0.04052219160913442,51.0,0.010424731000017338,237.0,0.005741573894336243,475.0,0.005442102907621992,4395.0,0.005040487598421217
154,2004.02.13.12.12.39,0.0765074518301771,0.2582723095291377,-0.0287246643661754,Normal,1009.0,4095.0110464452705,0.011696249325539976,1009.0,0.03963805655153222,51.0,0.010280215111678755,237.0,0.0072576742879992264,474.0,0.00504359765462543,4452.0,0.004811166440111044
155,2004.02.13.12.22.39,0.0773984885213569,0.3756330439000876,-0.0147238130362493,Normal,1009.0,4110.747160751619,0.011971766391592675,1009.0,0.03641791913774055,51.0,0.009964426938138829,4453.0,0.005873199576616877,237.0,0.005345676995051615,474.0,0.005259054857906245
156,2004.02.13.12.32.39,0.0784800631530072,0.6057349862672048,-0.0262339519069889,Normal,1009.0,4104.989436206902,0.012306625961037893,1009.0,0.0361164618886694,237.0,0.011239435884095766,51.0,0.010149404367915761,4446.0,0.006254098962114547,4734.0,0.00566227433279793
157,2004.02.13.12.42.39,0.0790460027872417,0.5919121753524377,-0.0141927048789222,Normal,1009.0,4116.575639909168,0.012486000578999585,1009.0,0.035816507667927176,51.0,0.01120033316928251,4712.0,0.005894600364033515,4451.0,0.00562044548783993,3733.0,0.004719906551779536
158,2004.02.13.12.52.39,0.076684854401187,0.3698641949707917,-0.0028264815001952,Normal,1010.0,4082.1928628714627,0.011755514434945793,1010.0,0.0316050652028528,237.0,0.011517041834688234,30.0,0.00941762360146928,475.0,0.007109482712762662,4476.0,0.005887496100762845
159,2004.02.13.13.02.39,0.0773112450635821,0.3735731947545719,-0.0506858752834084,Normal,1009.0,4106.331708051178,0.011945705517510855,1009.0,0.04146820174251134,51.0,0.01117434667061432,4371.0,0.005468261418990982,4491.0,0.004716748065197485,4123.0,0.004593863142048568
160,2004.02.13.13.12.39,0.0765127398884288,0.3431000304730087,-0.0176361763982315,Normal,1009.0,4111.11257180485,0.011696778768874209,1009.0,0.03967001609727078,51.0,0.011026740120597203,237.0,0.007427008453947281,474.0,0.0059281965854893065,4382.0,0.005074289541523204
161,2004.02.13.13.22.39,0.078531645753579,0.4245621228322682,0.0211523943220485,Normal,1009.0,4110.957331623119,0.012321884773660197,1009.0,0.03564713414504727,237.0,0.010703631639264813,51.0,0.010386208258175406,4402.0,0.005615819876189602,474.0,0.005177767947206683
162,2004.02.13.13.32.39,0.0769533588194417,0.5118109145356007,0.0378797505239643,Normal,1010.0,4081.8331717045708,0.011833063964312208,1010.0,0.027831707575109384,30.0,0.009625527659584205,4394.0,0.005977507098312663,505.0,0.004579527997437996,3674.0,0.00440718596709589
163,2004.02.13.13.42.39,0.0773624014758421,0.528245856584737,-0.0276196723843982,Normal,1009.0,4109.892061439161,0.011961867131432265,1009.0,0.0388958061888035,237.0,0.012248928570992775,51.0,0.010835421408131717,4421.0,0.005581805081723234,4156.0,0.004933830958247577
164,2004.02.13.13.52.39,0.0761746701410235,0.3254543370500293,-0.0323410589672767,Normal,1010.0,4087.5791965649773,0.0115951986612151,1010.0,0.02906581248769477,51.0,0.011271154320701374,4436.0,0.005661637359725945,4713.0,0.005287426568517066,237.0,0.00497647451142204
165,2004.02.13.14.02.39,0.0776222130513191,0.4408628476384644,-0.0558593930458422,Normal,1009.0,4108.887250351751,0.012040188980185313,1009.0,0.0434176378393722,51.0,0.00983512688100291,237.0,0.008350114062121368,4293.0,0.0049779631124889385,4452.0,0.004585702990889233
166,2004.02.13.14.12.39,0.0772534147328817,0.4886392346942525,-0.048898222181893,Normal,1009.0,4094.374999408872,0.011921305273914608,1009.0,0.03359151430044623,51.0,0.011038243218357068,237.0,0.009389119255887125,4393.0,0.005289804264832417,4152.0,0.004975401349904402
167,2004.02.13.14.22.39,0.077686366142168,0.5379390953077108,-0.0527000449197799,Normal,1009.0,4084.2173234721045,0.012061452064135012,1009.0,0.02775598553522042,51.0,0.010640710790483258,237.0,0.009334706641566689,4410.0,0.005264441994295289,4729.0,0.004994103348707968
168,2004.02.13.14.32.39,0.0778175399974196,0.4370585910735878,0.0077250140534917,Normal,1009.0,4110.73948645576,0.012101785809003849,1009.0,0.03607210737071611,51.0,0.010769650408220284,237.0,0.00923355364152591,4493.0,0.006176353829138673,4719.0,0.0059463409909443115
169,2004.02.13.14.42.39,0.0772822912384363,0.2541945515228283,0.0196734414856859,Normal,1009.0,4104.396384262172,0.011938984467545648,1009.0,0.04153859826474696,51.0,0.01055132487355014,4491.0,0.0056849228677550556,4367.0,0.004982769459511087,4678.0,0.0042754889497568045
170,2004.02.13.14.52.39,0.0763878511845552,0.3353471347991004,-0.0031704705787563,Normal,1009.0,4099.864219296444,0.011658051715041097,1009.0,0.03899704729726438,44.0,0.009920872648858138,4389.0,0.0068111365121981465,237.0,0.005093512656994013,349.0,0.0039553341292526915
171,2004.02.13.15.02.39,0.0781846659658241,0.3804427448967304,0.0002416790573314,Normal,1009.0,4089.604273110344,0.012215404183414089,1009.0,0.03635879071867452,51.0,0.010551547520097126,4417.0,0.006303692545761024,475.0,0.006206140342172264,237.0,0.0054038504382935195
172,2004.02.13.15.12.39,0.0761614441576042,0.3194051922040413,-0.0367973444665608,Normal,1009.0,4078.1218338166636,0.011593716615688714,1009.0,0.04075041269719856,51.0,0.009872396902720992,4476.0,0.00648279295474993,237.0,0.005970432702154355,474.0,0.005956387505258174
173,2004.02.13.15.22.39,0.0753425857308426,0.2916771063217673,0.0051300026649737,Normal,1009.0,4104.575079271577,0.011346404158104215,1009.0,0.04269467234661219,51.0,0.010372125880062555,474.0,0.007921879878709443,237.0,0.00646062665137165,4454.0,0.0051520799518243055
174,2004.02.13.15.32.39,0.0768942681010546,0.4095598092509278,-0.0073059147616999,Normal,1009.0,4110.33229011895,0.01181623803179982,1009.0,0.043355916252507204,44.0,0.009885741411628263,474.0,0.006052734144316298,4367.0,0.005780348659221081,236.0,0.005016335480127202
175,2004.02.13.15.42.39,0.0754841967887567,0.3288086624212525,-0.0009185564863228,Normal,1009.0,4101.080957227947,0.011387276402139395,1009.0,0.04184763577507208,51.0,0.010136395831407857,4417.0,0.0063490677906872075,4138.0,0.0057438203035818265,3296.0,0.004840374162826377
176,2004.02.13.15.52.39,0.0782630183983989,0.4398804995476126,0.0213900906489869,Normal,1009.0,4103.995654345818,0.012243486384108366,1009.0,0.03334838503988834,51.0,0.009323000759307387,237.0,0.006012158433004369,4498.0,0.005330924895158729,505.0,0.004592416490690555
177,2004.02.13.16.02.39,0.0754740697529828,0.3431725485830394,0.0105881972680369,Normal,1009.0,4083.997648582904,0.011385639237598031,1009.0,0.04246630595091012,51.0,0.010486625301836049,237.0,0.008262073612623197,4391.0,0.006042362840098433,4727.0,0.005097857984260687
178,2004.02.13.16.12.39,0.0755606754458172,0.4429353349113323,0.0049516109309045,Normal,1009.0,4124.0598830479685,0.011409321520763738,1009.0,0.04232989299097649,51.0,0.009612241080039483,474.0,0.007152839332450598,4435.0,0.00590302080200665,237.0,0.004788936838910358
179,2004.02.13.16.22.39,0.0766782479647096,0.4250634087395855,0.03221554215244,Normal,1009.0,4117.338972223264,0.011750686970196121,1009.0,0.042036386874047135,51.0,0.010470642350836756,4421.0,0.007553341508926271,237.0,0.00476457659841015,4268.0,0.004520863264323424
180,2004.02.13.16.32.39,0.0767507923793583,0.7083040858036118,0.0250649921771239,Normal,1009.0,4120.266729226507,0.011775861953050677,1009.0,0.037738133662531655,44.0,0.010579469247048305,4490.0,0.005873735241742672,504.0,0.00429849839207682,4280.0,0.004236972346408247
181,2004.02.13.16.42.39,0.076119838315358,0.3437128400504776,-0.0176196796385838,Normal,1009.0,4100.228020900504,0.011578455199383008,1009.0,0.0435173533111828,237.0,0.01261346848182721,51.0,0.010476676674640514,4535.0,0.005412294675039325,4378.0,0.005155454193455783
182,2004.02.13.16.52.39,0.0751650628278981,0.267315005954134,0.0169456524809512,Normal,1009.0,4119.387189143142,0.011293554274992837,1009.0,0.0399958275163195,51.0,0.0102495097305597,237.0,0.004944957581444324,4353.0,0.0046488168136151675,4678.0,0.0042287230898046925
183,2004.02.13.17.02.39,0.0780915247031888,0.3541207352122204,0.0078822270363892,Normal,1009.0,4124.6287358493355,0.012188948416104005,1009.0,0.03592237697401001,51.0,0.010735897629607687,237.0,0.007630116321949762,4311.0,0.005716707456767808,4416.0,0.005205549886789909
184,2004.02.13.17.12.39,0.0763568558388423,0.4990925057617095,0.0083852653428156,Normal,1009.0,4122.834207391142,0.01165032192505335,1009.0,0.04382572439417992,237.0,0.011592783248526068,51.0,0.010243624933975489,475.0,0.0061019903728424625,4476.0,0.005939169825051542
185,2004.02.13.17.22.39,0.0778680606107616,0.349412751660938,-0.0072687968781485,Normal,1009.0,4105.155394824999,0.012113389452368216,1009.0,0.041551755112621214,51.0,0.01054623472106871,4423.0,0.007096939885436689,4711.0,0.005965647002745915,4548.0,0.004728931242448688
186,2004.02.13.17.32.39,0.0766102510530167,0.4160923963921235,-0.0057833179210439,Normal,1009.0,4067.1026919125466,0.011726135858530874,1009.0,0.036783570297252745,44.0,0.010620619416542201,237.0,0.006734001134907526,4362.0,0.005291839622412923,4180.0,0.0050833048587541115
187,2004.02.13.17.42.39,0.0789996421322986,0.6273356080180288,0.0020776462340994,Normal,1009.0,4071.4536174242385,0.012476871555814287,1009.0,0.02890459640727567,51.0,0.011246391459147893,475.0,0.005126759425740213,4353.0,0.005052821803946731,4715.0,0.004817571948102669
188,2004.02.13.17.52.39,0.0753898542706717,0.5084444464835771,0.0293405569580463,Normal,1009.0,4086.6273566313034,0.01135524948176363,1009.0,0.03314427604015508,51.0,0.009614650956912161,4385.0,0.005329290074753888,4492.0,0.005169736578118548,505.0,0.004176550215642943
189,2004.02.13.18.02.39,0.0772312243313463,0.4005096065091718,0.0015044020719814,Normal,1009.0,4089.9752494562313,0.0119196340874972,1009.0,0.038606517065709195,51.0,0.011397801531901288,4477.0,0.005446135191419054,1931.0,0.004364659955102108,3553.0,0.004355041276054279
190,2004.02.13.18.12.39,0.0753107112080097,0.2905308522713739,-0.0198732566490799,Normal,1009.0,4084.245468107359,0.011334270718315958,1009.0,0.04274949133547517,51.0,0.009024169183161585,4328.0,0.005526028300019303,237.0,0.0053358429106252735,4496.0,0.00468542338848308
191,2004.02.13.18.22.39,0.0781331223902713,0.5664490782766274,0.0462067062619098,Normal,1009.0,4065.232126853981,0.012203868619974991,1009.0,0.040217377601858166,51.0,0.011424281921314063,237.0,0.006317209417025288,4733.0,0.005002791748594782,474.0,0.0045923792456425755
192,2004.02.13.18.32.39,0.0774481646838104,0.2876786871169621,0.0020209516267208,Normal,1009.0,4115.791945907217,0.011986566849123878,1009.0,0.04326255095088421,51.0,0.009685257417588548,474.0,0.007321562295033623,4468.0,0.0057851859609152345,1931.0,0.0050617223534565586
193,2004.02.13.18.42.39,0.0776162400074277,0.5162164874021524,-0.0103048479839078,Normal,1009.0,4095.7317202989607,0.012037483025434507,1009.0,0.04028499579910633,51.0,0.01061347767702144,237.0,0.005524866697493958,4309.0,0.005095164356463473,4430.0,0.00507011986130409
194,2004.02.13.18.52.39,0.0777373661484818,0.3658649197381023,0.0265308614325193,Normal,1009.0,4113.587034413247,0.012076377108358183,1009.0,0.04419334065240886,51.0,0.010069996964742523,237.0,0.0068062761183042475,4398.0,0.00580672304246992,4702.0,0.004593629244196841
195,2004.02.13.19.02.39,0.0765784033227955,0.5125468703141571,-0.0198512692861485,Normal,1008.0,4096.831696430358,0.011720132658852092,1008.0,0.03117926054555403,51.0,0.010347886217567796,237.0,0.007317771955484321,474.0,0.0056387965947562665,4418.0,0.005249018520544995
196,2004.02.13.19.12.39,0.0761828242130608,0.381054399079956,0.0019856145608443,Normal,1009.0,4086.6938644134016,0.011594594071785253,1009.0,0.03656671863615299,237.0,0.012816943178295948,51.0,0.009594046457941456,4384.0,0.005785651461742449,4273.0,0.004857976219733277
197,2004.02.13.19.22.39,0.0752741149586795,0.4514792731300825,-0.0092279881274679,Normal,1009.0,4092.5392415652177,0.011322342992711978,1009.0,0.03744320318973029,237.0,0.0098291034233923,51.0,0.00954563821543556,4387.0,0.005436505223851671,4493.0,0.004953375369682132
198,2004.02.13.19.32.39,0.0765357389455246,0.3525296268183013,-0.1138956322310759,Normal,1009.0,4085.4940752114308,0.01170511979828095,1009.0,0.039823559127408314,51.0,0.010747006372264792,237.0,0.005981523708815682,4401.0,0.0052269659197320805,4663.0,0.005012873131012945
199,2004.02.13.19.42.39,0.076604936581096,0.3462653410221592,-0.003349767024849,Normal,1009.0,4110.103031653767,0.011726645932411746,1009.0,0.03825649842065036,51.0,0.01072900804621884,475.0,0.00560628784916558,4467.0,0.004839311392319501,4348.0,0.004733782312351774
200,2004.02.13.19.52.39,0.0786412688727863,0.3624940923308948,0.0049506969190032,Normal,1009.0,4099.463187793728,0.01236271130137148,1009.0,0.04111611269401953,51.0,0.010392482163703755,4453.0,0.0070208008993894195,4625.0,0.005297631544722404,237.0,0.005150167747743324
201,2004.02.13.20.02.39,0.0770268453989216,0.5425193663094023,-0.019713770351828,Normal,1009.0,4085.9126980167207,0.011857157318261861,1009.0,0.03652162200694128,51.0,0.010003286455190753,237.0,0.005641603609839602,4489.0,0.005519929650388061,474.0,0.005014498301280921
202,2004.02.13.20.12.39,0.076546190864977,0.5200155088401144,-0.0199039441630376,Normal,1009.0,4079.541558332579,0.011710521797768462,1009.0,0.042450585721425106,237.0,0.011241138840528445,44.0,0.010539266466322382,474.0,0.009631328815764662,4397.0,0.005858458989281698
203,2004.02.13.20.22.39,0.0774117948786108,0.4319008103829311,0.0506572152330478,Normal,1009.0,4102.854670987449,0.011977801868198825,1009.0,0.03137013369210802,237.0,0.010187614208167566,44.0,0.009355529931025236,474.0,0.006417357230659321,4435.0,0.005727528082256711
204,2004.02.13.20.32.39,0.0758903216356917,0.5098311593414597,-0.0104390307656087,Normal,1009.0,4106.2896451948845,0.01151095266245702,1009.0,0.0352974621446175,51.0,0.010585154617150438,237.0,0.007581426210857639,474.0,0.005524069551975907,4710.0,0.005510472546821025
205,2004.02.13.20.42.39,0.0756436037293058,0.4222048814261758,-0.0455640312698098,Normal,1009.0,4123.6016238203665,0.011432922419931735,1009.0,0.034587445548671845,51.0,0.010201458144122752,4402.0,0.006032561539501165,4275.0,0.005524615878870098,237.0,0.0050310223459293065
206,2004.02.13.20.52.39,0.075893641205246,0.3855004562475095,0.007241652539189,Normal,1009.0,4114.130274559384,0.011503951715346942,1009.0,0.03953973075549472,51.0,0.00950539272399827,4375.0,0.005029963392478316,4713.0,0.004887003515516493,4479.0,0.004825857232780668
207,2004.02.13.21.02.39,0.0772214041809126,0.3501330939408524,-0.0178897496627608,Normal,1008.0,4093.9773747771123,0.01191402028990282,1008.0,0.039115268948972194,51.0,0.010587897020616653,237.0,0.006609335532190817,474.0,0.005570743819494225,4714.0,0.005315810253485635
208,2004.02.13.21.12.39,0.0766942979108046,0.3974503405974863,-0.011486986147813,Normal,1009.0,4069.095602237086,0.011753118922768313,1009.0,0.04055340039744441,51.0,0.01024469698315542,237.0,0.009205577578768246,475.0,0.006184900101795397,4389.0,0.0053112270043059115
209,2004.02.13.21.22.39,0.0766944507088436,0.4542567805615856,0.019394003539227,Normal,1009.0,4067.8037588996135,0.011754634096596755,1009.0,0.03647703404023692,51.0,0.009846547612382916,4407.0,0.006226608691018552,4536.0,0.004571484977276307,4297.0,0.004554141743365764
210,2004.02.13.21.32.39,0.0764435019107249,0.4621422075469619,-0.0026049275237461,Normal,1009.0,4062.249972411995,0.01167313360145781,1009.0,0.04153751568372954,51.0,0.010265326947372444,237.0,0.007036105457290872,474.0,0.006405903122579721,4346.0,0.005635992983445234
211,2004.02.13.21.42.39,0.0780629960202415,0.3311462198582431,-0.0074616710436332,Normal,1009.0,4088.5252420470483,0.012177508916281048,1009.0,0.031708647007509076,237.0,0.010901159596109081,51.0,0.010649697841423245,4372.0,0.005578440693089519,474.0,0.005415268787069974
212,2004.02.13.21.52.39,0.0773382030839222,0.4270108659962561,-0.0120238609335139,Normal,1009.0,4052.07124813726,0.01194961980068292,1009.0,0.03753692904298953,51.0,0.010889194117976918,474.0,0.008071812709955653,237.0,0.005568948856562131,4362.0,0.005466553869646756
213,2004.02.13.22.02.39,0.0769496671177416,0.320109256981544,0.022963086515134,Normal,1008.0,4093.754055881573,0.011831812319960293,1008.0,0.03264055818476132,44.0,0.009782534631785621,474.0,0.005611517744904378,4440.0,0.005481664461153497,237.0,0.005395042181603257
214,2004.02.13.22.12.39,0.078916126547727,0.5186211330341539,0.0208483907605887,Normal,1009.0,4086.180426894053,0.012445823432141258,1009.0,0.029433593167857326,237.0,0.013104410752344807,51.0,0.010823766980006113,4479.0,0.00621595400463706,4331.0,0.005652491869584945
215,2004.02.13.22.22.39,0.0774781193910577,0.4064589681713531,0.0178432542129148,Normal,1009.0,4121.351096503772,0.011998223609380493,1009.0,0.04211740131058661,51.0,0.010327006092975691,4710.0,0.00580470218840213,4426.0,0.005276836690063911,236.0,0.004538872022298295
216,2004.02.13.22.32.39,0.0768843633144323,0.4088430650331287,0.0021452262873028,Normal,1009.0,4117.545139981187,0.01181669635569102,1009.0,0.041016384549977865,51.0,0.010211117287436268,474.0,0.00595901270391274,4481.0,0.005892381147046329,4307.0,0.004184857363342489
217,2004.02.13.22.42.39,0.0774325046310494,0.2120974655470124,-0.0260135269843802,Normal,1009.0,4083.2534883976546,0.011979165624742992,1009.0,0.041758147868161226,51.0,0.010537147428356944,4451.0,0.006174372213142806,4151.0,0.004415414467640215,475.0,0.004411269813051484
218,2004.02.13.22.52.39,0.0776523798079862,0.4663598030208287,-0.0314612109313404,Normal,1009.0,4109.477746641737,0.012048788180949099,1009.0,0.04060969247138316,51.0,0.009542669993813651,237.0,0.006307841168245471,4481.0,0.006165038394417825,4356.0,0.004547596907218396
219,2004.02.13.23.02.39,0.0784514380046663,0.3903152250695121,-0.0124337159073089,Normal,1009.0,4101.256265635989,0.012300448983935664,1009.0,0.03978147805378737,51.0,0.010480480838376474,4443.0,0.006374624252338039,4731.0,0.004677309808012055,504.0,0.004518197225542197
220,2004.02.13.23.12.39,0.0774654115733878,0.3981598851468177,-0.0002756702000953,Normal,1008.0,4089.643324854162,0.011995786913143184,1008.0,0.028812931518697866,51.0,0.010373747767257913,237.0,0.006503117052455346,4377.0,0.0063054462440500295,4522.0,0.004896702274987509
221,2004.02.13.23.22.39,0.077023694165436,0.3219624132001542,-0.0003301365783288,Normal,1009.0,4114.034274597057,0.01185281958111254,1009.0,0.03732763117420366,51.0,0.010851644494755496,4438.0,0.005285971546548956,237.0,0.0052787374397109945,4673.0,0.004313571498202567
222,2004.02.13.23.32.39,0.0760276339435002,0.3787525414114188,-0.013967775473019,Normal,1009.0,4091.0361464364955,0.011547622580601675,1009.0,0.04085675838957851,51.0,0.010944612628352038,4384.0,0.00532149338003988,237.0,0.005156434266254137,4648.0,0.004717206634857432
223,2004.02.13.23.42.39,0.0774021077186976,0.3420917702434818,-0.0049662231004467,Normal,1009.0,4086.015216115305,0.011964499282538912,1009.0,0.031688368987224644,237.0,0.010040790344105212,51.0,0.009900369631592678,4419.0,0.005781383184330017,4730.0,0.004727714453015696
224,2004.02.13.23.52.39,0.0775634886747019,0.4734358466541311,0.013195322849001,Normal,1009.0,4125.606268336661,0.01202354321368742,1009.0,0.04124770320226476,51.0,0.010019267534242699,4441.0,0.006608353714981441,475.0,0.005709464697375637,4683.0,0.005306392254968619
225,2004.02.14.00.02.39,0.0770032787070825,0.447202651604071,-0.0131075382577956,Normal,1008.0,4073.2776198856495,0.011850348720754657,1008.0,0.035146479743431394,51.0,0.010960185200963627,474.0,0.006165743700255261,4489.0,0.0054198642774721155,237.0,0.00517907053756189
226,2004.02.14.00.12.39,0.0763369899534704,0.4471539298962406,0.0152996757323311,Normal,1008.0,4069.208783022837,0.011646984723070852,1008.0,0.038542016796794504,51.0,0.010342624644958552,4390.0,0.006853908445448662,237.0,0.006472010823402573,474.0,0.005430478222989799
227,2004.02.14.00.22.39,0.0764212568340363,0.5469289750901192,0.0147476294894657,Normal,1009.0,4092.320353752994,0.011670466835228738,1009.0,0.03770439183744009,51.0,0.010489450268949206,4522.0,0.006700085319115307,4411.0,0.005785945399612063,4711.0,0.005327052877394315
228,2004.02.14.00.32.39,0.078216215500288,0.4036836853433656,-0.0079295166345092,Normal,1009.0,4088.9992329969564,0.012226586050166174,1009.0,0.041254494135871275,51.0,0.01028157973252034,4375.0,0.005129590352436047,4680.0,0.004968406520036032,4165.0,0.004955564551167524
229,2004.02.14.00.42.39,0.0776202063611459,0.3791111272392764,0.0253093529830442,Normal,1009.0,4082.4786043450003,0.01203828380593958,1009.0,0.03740710571763919,51.0,0.010341293090659167,237.0,0.009322013474926113,4424.0,0.005932071315433045,4719.0,0.0044775991331850095
230,2004.02.14.00.52.39,0.0771707424243678,0.3713008615841109,0.026650007404279,Normal,1009.0,4106.882416978583,0.01190364727739043,1009.0,0.03966573505199671,51.0,0.01149854576810035,474.0,0.0072996464052752525,4706.0,0.0065682498368194765,4368.0,0.0059521526847417
231,2004.02.14.01.02.39,0.0778553763020937,0.5050743337064105,0.0169573152337637,Normal,1009.0,4098.513820752613,0.012112620933245312,1009.0,0.041311852834374704,51.0,0.009987710781698689,237.0,0.008295535954200864,474.0,0.006446412164563486,4574.0,0.006197317933629766
232,2004.02.14.01.12.39,0.0761451459513548,0.3286110755448455,0.0097976296118276,Normal,1009.0,4131.516581198714,0.011583596050656078,1009.0,0.042743091871811974,51.0,0.01080843959750645,4460.0,0.005402100485168534,474.0,0.005343944613036449,4259.0,0.005231371181073971
233,2004.02.14.01.22.39,0.0781157938325774,0.4255858785681634,0.013796722577398,Normal,1009.0,4091.6576831845123,0.01219327347321241,1009.0,0.04079652557773373,51.0,0.010270726715366593,475.0,0.005965736247117287,4474.0,0.0059205218557648095,4256.0,0.004838881910021596
234,2004.02.14.01.32.39,0.0764661533452669,0.3505466792877056,0.0028537745472719,Normal,1009.0,4104.080788348936,0.011686666316488042,1009.0,0.04313258240978563,51.0,0.011168565667650756,474.0,0.005265626323964847,4680.0,0.00517223077118133,4474.0,0.004894867416213276
235,2004.02.14.01.42.39,0.077847334070442,0.3003506570636691,0.0138261166779708,Normal,1009.0,4063.250772793747,0.012111130626860594,1009.0,0.03955537552967307,51.0,0.010108109604879902,237.0,0.008246122517058304,474.0,0.008086701836163028,4400.0,0.006206748616465665
236,2004.02.14.01.52.39,0.0780961612397858,0.2668683879683278,-0.043063585681593,Normal,1009.0,4099.265387560677,0.012190325038879686,1009.0,0.04280368352775294,51.0,0.011615460953623051,237.0,0.006896603167595364,4444.0,0.005865487946927718,4259.0,0.0056528050578455585
237,2004.02.14.02.02.39,0.0785332868816624,0.3653585893301865,-0.0184850215550041,Normal,1009.0,4093.8843216761693,0.012324293733131077,1009.0,0.041749740465404944,51.0,0.011138568190190075,4408.0,0.006338187244771389,237.0,0.00576935860902463,3509.0,0.0056473602164197004
238,2004.02.14.02.12.39,0.0774005971644033,0.5063321280777151,-0.0021355182041216,Normal,1009.0,4091.81177733163,0.011974517387894044,1009.0,0.04186531045320235,51.0,0.010778718053879435,474.0,0.006593662220166216,237.0,0.006501754889579582,4495.0,0.005370169422941857
239,2004.02.14.02.22.39,0.0770826017349854,0.4444705851182164,-0.0145535995887149,Normal,1009.0,4123.091995943135,0.011873326939008281,1009.0,0.04029270266648454,51.0,0.010353562390599919,4419.0,0.006257456700972186,4712.0,0.005091173911275173,474.0,0.004851620100792311
240,2004.02.14.02.32.39,0.0778543530765541,0.3956523870817223,0.0045984951883583,Normal,1009.0,4095.719316649911,0.012112356497587129,1009.0,0.04049419087145828,51.0,0.010817034332177138,4393.0,0.005401338025569238,236.0,0.005175777465396238,4677.0,0.004976825493039734
241,2004.02.14.02.42.39,0.0761950705067673,0.371201721911139,-0.0100289387595958,Normal,1009.0,4106.785252871778,0.011599442374394066,1009.0,0.042420843467673434,51.0,0.010419389198654355,237.0,0.005448923899845162,4468.0,0.00525251794555156,4351.0,0.004375404181190226
242,2004.02.14.02.52.39,0.076898898724234,0.3074947402522205,-0.0342224140716561,Normal,1009.0,4096.404947971039,0.011815968465727168,1009.0,0.03586994012172811,51.0,0.011011102082181359,237.0,0.008457417901208462,474.0,0.007094151278319476,4260.0,0.005309815940669338
243,2004.02.14.03.02.39,0.0756627175441899,0.4881647708848415,0.0174466550422373,Normal,1009.0,4126.637264154488,0.01143610338596241,1009.0,0.041893810047823325,51.0,0.009959812327731906,4390.0,0.007103133641478368,4709.0,0.004670897074422034,474.0,0.004610926207853964
244,2004.02.14.03.12.39,0.0770909751983411,0.4745222723146702,0.0116624167301807,Normal,1009.0,4118.968125499454,0.011879900907186219,1009.0,0.04075630043364957,51.0,0.010805061671231027,237.0,0.007311967971547988,4474.0,0.006222768505913467,4185.0,0.004232678973759846
245,2004.02.14.03.22.39,0.0781221418227172,0.4655293058579137,0.0407906562066598,Normal,1009.0,4081.328378296689,0.01220014348370134,1009.0,0.027592444403523222,237.0,0.010556599675189142,51.0,0.009704745499104633,4492.0,0.005763881797538501,474.0,0.005187793503360956
246,2004.02.14.03.32.39,0.0761669264418208,0.5528697268991065,-0.0182213176489012,Normal,1009.0,4105.075550651677,0.01159584335192309,1009.0,0.0391055255840447,51.0,0.011273723268379004,237.0,0.007245582441284067,4260.0,0.005545120725547621,4694.0,0.004560815321108413
247,2004.02.14.03.42.39,0.0773135098711328,0.4825257504421647,0.0018541488833849,Normal,1009.0,4075.474881772402,0.011946826782956887,1009.0,0.036422154483980736,51.0,0.009935871797917169,474.0,0.006739074263880928,237.0,0.006251028430671116,4413.0,0.0051774919333670046
248,2004.02.14.03.52.39,0.0758767732365898,0.2798720451744803,-0.013675445464357,Normal,1009.0,4073.361689058755,0.011506623930822971,1009.0,0.03956784426436233,51.0,0.010583984557768392,237.0,0.009871719648250503,474.0,0.008662003585155478,4473.0,0.006044632941314357
249,2004.02.14.04.02.39,0.0762042431228201,0.3237082059057306,0.0039008739432069,Normal,1009.0,4131.31667098582,0.011606744051670035,1009.0,0.04223196526888804,51.0,0.009875901406016815,237.0,0.007388964814907692,4354.0,0.0054981127036962405,4727.0,0.005235677919389453
250,2004.02.14.04.12.39,0.0757623768379835,0.3518243628605009,-0.015463087013837,Normal,1009.0,4082.695248244055,0.011468526339427387,1009.0,0.03909759296544951,51.0,0.010903906981036753,4469.0,0.006240901557876632,4718.0,0.005708882452728557,237.0,0.005487485073259963
251,2004.02.14.04.22.39,0.0760924460873909,0.4018811172873726,-0.0094841844281405,Normal,1009.0,4086.209237406888,0.011571091950152861,1009.0,0.04244764203931538,51.0,0.009678334288525377,474.0,0.008268804646425857,4480.0,0.005431041050405459,4259.0,0.005167141540056059
252,2004.02.14.04.32.39,0.0786182224572888,0.4397530049606644,-0.0117920162414812,Normal,1009.0,4081.6329121720223,0.012351228089340822,1009.0,0.04075346289900545,51.0,0.011000894423649437,4426.0,0.006425606802749811,4537.0,0.004414103101694288,4172.0,0.004371868055076294
253,2004.02.14.04.42.39,0.0765472363611597,0.307565128446384,0.0060064351896387,Normal,1009.0,4094.190829885767,0.011707610840908347,1009.0,0.04285191994450563,51.0,0.01046262359060287,474.0,0.009490776796092344,4207.0,0.005276062439865953,4399.0,0.004845830292278315
254,2004.02.14.04.52.39,0.0765500541542305,0.4275608497169689,0.0162893660683612,Normal,1009.0,4072.71717406777,0.01171021600632614,1009.0,0.036189408612046364,51.0,0.009836987235947982,237.0,0.008859175065742282,4392.0,0.006995361242817583,475.0,0.006427782263167806
255,2004.02.14.05.02.39,0.0769515739056875,0.4721707407507005,-0.0086084424946715,Normal,1009.0,4064.722703760509,0.011834561163999294,1009.0,0.03517312360037358,51.0,0.01044249672070125,237.0,0.008640321483172722,474.0,0.006366262217035202,4426.0,0.005307312858917876
256,2004.02.14.05.12.39,0.0766624733129131,0.4292422492209682,0.043096600129636,Normal,1009.0,4096.301362029716,0.011745809074687096,1009.0,0.03963476686035265,51.0,0.010289426413108612,475.0,0.007724016758561378,237.0,0.0054443207699951725,4390.0,0.004896204933361207
257,2004.02.14.05.22.39,0.0771811760440774,0.3573263428988387,-0.0130511338422951,Normal,1009.0,4108.957076381691,0.011907907666636453,1009.0,0.04322686901507378,51.0,0.010450505012527242,474.0,0.00555432835666824,4426.0,0.00544953853137059,4105.0,0.004124761909877146
258,2004.02.14.05.32.39,0.0754853262075236,0.3803225968989236,0.0124601280957241,Normal,1009.0,4109.862597279799,0.011389892092047453,1009.0,0.04138534766909459,51.0,0.009716020401337906,4481.0,0.005560833365908877,4339.0,0.0053576496417558055,237.0,0.005138153219977357
259,2004.02.14.05.42.39,0.0784893475928222,0.4162216058917836,0.0157188675673837,Normal,1009.0,4096.546637547636,0.012310155803522802,1009.0,0.042133606367979026,51.0,0.01006372827547899,4384.0,0.006464733063597464,4709.0,0.005809118974339538,237.0,0.005522924904787006
260,2004.02.14.05.52.39,0.0774487298909333,0.4381933427723923,0.0153143523969136,Normal,1009.0,4087.053553576247,0.011988426227830239,1009.0,0.041087524863775336,51.0,0.010306867305990786,474.0,0.006391696859514452,4357.0,0.005268010055312959,4487.0,0.005104308176869802
261,2004.02.14.06.02.39,0.0774396340631083,0.4181568338101229,0.0024534857235017,Normal,1009.0,4111.24914728122,0.01198632166522405,1009.0,0.03999218665019917,51.0,0.010977262758290685,474.0,0.006663134509197606,4438.0,0.0051304047113723585,4689.0,0.0048959520782867316
262,2004.02.14.06.12.39,0.0772467994002219,0.3107750326515637,-0.0027746109288867,Normal,1009.0,4087.248615377362,0.011927174017232702,1009.0,0.04212233213188612,51.0,0.010102204711016888,4413.0,0.006054362319284924,474.0,0.005042723341960724,4688.0,0.004893325130075311
263,2004.02.14.06.22.39,0.0756460588577033,0.3054551986309328,-0.0071186583989406,Normal,1009.0,4106.498887302911,0.011433595461695634,1009.0,0.0331310081769932,51.0,0.01020555279612043,237.0,0.007230526648377651,4367.0,0.0054437892906475304,474.0,0.005389029127235978
264,2004.02.14.06.32.39,0.0761497355646262,0.4668559319086989,0.0249984878415992,Normal,1009.0,4066.4534496211045,0.011587022193802263,1009.0,0.029362483982641505,51.0,0.00987168211273746,237.0,0.006838273715175593,4407.0,0.00512152643987567,474.0,0.004956199417600795
265,2004.02.14.06.42.39,0.0785871657903065,0.3615217429430806,0.0220738427851628,Normal,1009.0,4110.54272303625,0.012338012978539759,1009.0,0.03947531537567936,51.0,0.011170122760072336,4375.0,0.006788935324835138,4728.0,0.004831314191686431,4479.0,0.004616396292988161
266,2004.02.14.06.52.39,0.07790162973915,0.3905431033629876,-0.0077691810627729,Normal,1009.0,4107.989257712816,0.012126451134625658,1009.0,0.03934385701163919,51.0,0.009687597712305467,4405.0,0.006581182136240877,237.0,0.006127300784847768,4109.0,0.0054522200941543655
267,2004.02.14.07.02.39,0.0777059461206155,0.417840869010627,-0.0024398842163091,Normal,1008.0,4089.72186925452,0.012065149432131298,1008.0,0.035841098637574315,51.0,0.010983639611877555,4492.0,0.006387318182708356,236.0,0.0062281801334247095,4388.0,0.00534504513902482
268,2004.02.14.07.12.39,0.077858983354925,0.2996620795127183,0.0377706900192563,Normal,1009.0,4100.991917326376,0.012117501997023557,1009.0,0.03886818297313141,237.0,0.011933365996806132,51.0,0.009657670041446355,4453.0,0.005354401423962183,4685.0,0.0052056450882653465
269,2004.02.14.07.22.39,0.0757133410289469,0.3175699833688572,0.0325740755936867,Normal,1009.0,4088.934303457801,0.011457861667291857,1009.0,0.04233689145627281,51.0,0.009700520499196744,237.0,0.007044029640769393,4495.0,0.005869901371689645,4389.0,0.005582221328853195
270,2004.02.14.07.32.39,0.0763917745745983,0.4868229040681746,-0.0090188793887566,Normal,1009.0,4056.9683030605447,0.011662387014101714,1009.0,0.0365880224870759,51.0,0.010564982666643281,237.0,0.00811455399962838,474.0,0.006770925511006601,4662.0,0.004726178591912728
271,2004.02.14.07.42.39,0.0773621114568527,0.4052045632928984,-0.03941316211408,Normal,1009.0,4112.946263655735,0.011962823740796923,1009.0,0.03224820435496932,30.0,0.009612358262857055,237.0,0.00673677144744212,4467.0,0.004625906153093819,4365.0,0.004469929996379357
272,2004.02.14.07.52.39,0.07842339670271,0.493499202297464,-0.0234512781648331,Normal,1009.0,4084.891312747088,0.012289425488277689,1009.0,0.039196966360034086,51.0,0.011327954037973851,474.0,0.006020532907156627,4388.0,0.005278574084831398,237.0,0.0051124730277605545
273,2004.02.14.08.02.39,0.0762810730103436,0.4251022370903272,0.0228749332990828,Normal,1009.0,4085.217088732358,0.01163309268045444,1009.0,0.041634215738847555,237.0,0.011041478207192102,51.0,0.010195277504013061,4465.0,0.0048577333686967905,4694.0,0.004067533923761928
274,2004.02.14.08.12.39,0.0782240275511823,0.4252786985695489,-0.0150143010556006,Normal,1009.0,4097.237292858293,0.012228149385406364,1009.0,0.04071540356721879,51.0,0.011002038312870227,237.0,0.008955520484809677,4496.0,0.006408437538362569,4376.0,0.004676071573580407
275,2004.02.14.08.22.39,0.0782593853571849,0.5410550470181565,0.0050618803095192,Normal,1009.0,4095.7782475954523,0.012240684682588163,1009.0,0.04118578301981361,51.0,0.009977686593688112,474.0,0.006416483997015443,4443.0,0.0058813806596411024,4664.0,0.004828739059401474
276,2004.02.14.08.32.39,0.0788327981147044,0.4923650099388044,0.0410535439099137,Normal,1009.0,4094.888920506926,0.01242422925844425,1009.0,0.04294766842146476,51.0,0.010998908392046914,237.0,0.006707834632962405,4695.0,0.006669512412693156,4402.0,0.005322395060276187
277,2004.02.14.08.42.39,0.0769752915409386,0.501785914417268,-0.0251647476382789,Normal,1009.0,4086.9474858734693,0.011839558372541342,1009.0,0.04121647696893078,51.0,0.009742556067276087,474.0,0.00796818767346803,4490.0,0.007054263823872244,4689.0,0.005171268257936854
278,2004.02.14.08.52.39,0.0786875012410643,0.4954958213123177,0.0458243909583284,Normal,1009.0,4101.693531650788,0.012375916914381092,1009.0,0.03908454604543463,51.0,0.01068547719390634,474.0,0.007330057014523223,4681.0,0.006276983597375821,4491.0,0.005159489863792319
279,2004.02.14.09.02.39,0.0762905040986425,0.3915278701871778,0.044422442062754,Normal,1009.0,4105.74505829577,0.011630918826166526,1009.0,0.03946115305923384,44.0,0.0099694942985833,4538.0,0.005345868136043184,4393.0,0.0051969603391291575,504.0,0.004217579708834904
280,2004.02.14.09.12.39,0.0775828054353459,0.3516255309931115,0.0252459795344734,Normal,1009.0,4120.9340260240315,0.012031385289157868,1009.0,0.041067131963948456,51.0,0.010659399363437292,4434.0,0.005773247744121514,4681.0,0.005628206053946692,475.0,0.004894623038935798
281,2004.02.14.09.22.39,0.0768964226375526,0.2979657430445224,-0.0099437433313407,Normal,1009.0,4093.077641170964,0.01181983332048963,1009.0,0.041054932090576444,51.0,0.010263879335972372,4480.0,0.007550330359058673,237.0,0.006692987942916311,4700.0,0.005164606299912337
282,2004.02.14.09.32.39,0.0767991155573462,0.3961449284507443,0.0152139858457036,Normal,1009.0,4100.877833710318,0.011789307701811927,1009.0,0.031512955183337264,51.0,0.010231235165034115,4479.0,0.006042317617584159,4671.0,0.005227156674134106,237.0,0.005056752150047734
283,2004.02.14.09.42.39,0.0776273336505093,0.4395667843376549,-0.0627478232961807,Normal,1009.0,4118.045237024528,0.012040655491264837,1009.0,0.03958365901874497,51.0,0.0096977113719838,4495.0,0.0059941221924528255,237.0,0.005992617713964872,3598.0,0.005618164151981225
284,2004.02.14.09.52.39,0.0780638751505177,0.4058667694625035,0.0385825112961812,Normal,1009.0,4100.397652059973,0.012180078695058334,1009.0,0.041819441071928955,51.0,0.010294363460939966,237.0,0.007858621345565107,4425.0,0.005819079635546926,3673.0,0.004846797839293607
285,2004.02.14.10.02.39,0.0761460433763633,0.3883496712947254,-0.0377399286849673,Normal,1009.0,4103.539006450419,0.011590790646946616,1009.0,0.04103458327207296,51.0,0.010503528269585645,4490.0,0.005054868066839686,474.0,0.004795546646034877,4711.0,0.004740532179588249
286,2004.02.14.10.12.39,0.0777495293017303,0.566700093050676,0.0520253140218555,Normal,1008.0,4105.114079745597,0.012084879096500344,1008.0,0.03131425984931277,51.0,0.011100360268063068,4493.0,0.005807688354398173,3900.0,0.004925955734764927,4391.0,0.004919870069584991
287,2004.02.14.10.22.39,0.0760554112863608,0.4178361569761297,0.0591880760554947,Normal,1009.0,4080.9972830155966,0.011560968912048039,1009.0,0.03810559309067294,51.0,0.010052453735954798,237.0,0.007624149149264877,4400.0,0.0048783506651414515,4507.0,0.0044692915872551284
288,2004.02.14.10.32.39,0.0769188978450882,0.3496762549842871,0.0402212006080304,Normal,1009.0,4135.866741562402,0.011819438407784908,1009.0,0.043831078178951294,51.0,0.010926307244505398,237.0,0.009593348272255392,475.0,0.006504580914909047,4422.0,0.00486934359752925
289,2004.02.14.10.42.39,0.0762592963083026,0.3821786978973138,0.0295064566555488,Normal,1009.0,4080.9637442310564,0.011621514070702442,1009.0,0.03263796592731105,51.0,0.009814545140372624,4420.0,0.005632735750967873,4717.0,0.005066472853507992,237.0,0.0046613849733305405
290,2004.02.14.10.52.39,0.0775034389987994,0.5782366156865968,0.0466536933536361,Normal,1009.0,4110.900289241306,0.012005861039151003,1009.0,0.03465004114583504,44.0,0.01025881087797262,474.0,0.006423938154353172,4377.0,0.005947118053796635,4509.0,0.0047485043453074525
291,2004.02.14.11.02.39,0.0768942052356881,0.5470773142021708,0.0127764944497082,Normal,1009.0,4111.593261152719,0.011819034480000504,1009.0,0.04047656749328247,51.0,0.010580922274569887,237.0,0.007396619689589043,4425.0,0.006080161997482337,4695.0,0.005791993226906188
292,2004.02.14.11.12.39,0.0776544869015146,0.3311799985725137,0.0039103687606207,Normal,1009.0,4133.86187998225,0.01204683263255782,1009.0,0.04337919983484704,51.0,0.0103362026178868,237.0,0.009764886238018189,4425.0,0.006369710757732976,474.0,0.005846046072121542
293,2004.02.14.11.22.39,0.0769886418672423,0.4282343784664375,-0.0082555560873115,Normal,1009.0,4130.708339812624,0.01184571763041325,1009.0,0.04024550597981341,51.0,0.010261280479596287,237.0,0.009676747625159531,474.0,0.006963301134886911,4491.0,0.006416064525044934
294,2004.02.14.11.32.39,0.0781368444146429,0.5572219183026554,0.0176247692441976,Normal,1010.0,4090.4106702050667,0.012203394494330574,1010.0,0.02744784333316814,44.0,0.009916406298796653,475.0,0.007020211914528319,4497.0,0.0051801572396623025,4379.0,0.004974087091559051
295,2004.02.14.11.42.39,0.0765352831088176,0.4463197937706544,-0.0024098928296286,Normal,1009.0,4081.3665808301243,0.011706480955061146,1009.0,0.03625501053941082,51.0,0.009804553580839578,4481.0,0.0054271576394272995,237.0,0.0052746567183623826,4263.0,0.00475511246284779
296,2004.02.14.11.52.39,0.078448256857028,0.4749347955380534,0.0099617599387142,Normal,1009.0,4134.062929794009,0.012294865714396109,1009.0,0.03843029672615642,51.0,0.010257808999655109,237.0,0.008594786955920766,4477.0,0.00719890167063919,4739.0,0.005553518275525139
297,2004.02.14.12.02.39,0.0778141308815034,0.5191691228606832,0.0283748275421001,Normal,1009.0,4096.8605935013575,0.01209651320637285,1009.0,0.039092136176009186,237.0,0.012879609939104487,51.0,0.01017062916524506,4403.0,0.005506028814081891,4150.0,0.004387164384043346
298,2004.02.14.12.12.39,0.0773026311152715,0.3969041106344453,0.0004034613001456,Normal,1009.0,4132.286644293641,0.011945030470788653,1009.0,0.04304080576458878,51.0,0.010568286122950308,237.0,0.0064835638090086556,4543.0,0.005612378479623134,4392.0,0.005454325363112018
299,2004.02.14.12.22.39,0.0781221315098393,0.4481424372039315,0.0272449517881756,Normal,1009.0,4080.9311033655536,0.012201810999434562,1009.0,0.02959693161801369,237.0,0.010437395448419757,51.0,0.009591885084453827,4455.0,0.006648149333001241,4324.0,0.005065064512216438
300,2004.02.14.12.32.39,0.0792329492945091,0.3589869077111522,0.001791114953653,Normal,1009.0,4117.91274813174,0.012546965761461422,1009.0,0.04199737322427392,51.0,0.010474586760939668,4417.0,0.0057914177023239664,4732.0,0.005089791502402495,474.0,0.00490679550378721
301,2004.02.14.12.42.39,0.0753811163044996,0.5001967130650411,-0.0380326559000168,Normal,1009.0,4109.482239256847,0.011357497515952698,1009.0,0.04049374683572168,237.0,0.010330534007326432,51.0,0.009958132303474152,4495.0,0.0054515848294759955,474.0,0.005347963168940966
302,2004.02.14.12.52.39,0.076952737308668,0.3559125944069117,0.0106549150688324,Normal,1009.0,4104.173530742433,0.011838459650543455,1009.0,0.04236927041901464,51.0,0.010099505606032615,475.0,0.0065450324714677564,4442.0,0.005720162971364977,4732.0,0.0054877682485048014
303,2004.02.14.13.02.39,0.076206970761067,0.5239826539737651,-0.0167443967438167,Normal,1009.0,4081.2942564039736,0.011606173043281348,1009.0,0.042051907027895186,51.0,0.010129381263381759,237.0,0.005153420655020984,4426.0,0.005024081923278585,475.0,0.004307450784077556
304,2004.02.14.13.12.39,0.0785531735464503,0.3618641876245507,-0.0066133725480891,Normal,1009.0,4092.7838374142057,0.012331359545544865,1009.0,0.031747418525785366,51.0,0.010989160167288537,4497.0,0.005777839605419856,4375.0,0.005073073656377873,4266.0,0.00498235540011132
305,2004.02.14.13.22.39,0.07703774503551,0.3981230179180359,-0.013292743712402,Normal,1009.0,4075.3423896073823,0.011859967825551068,1009.0,0.03000826631973166,44.0,0.010476354016858406,4475.0,0.0061153416012295105,349.0,0.004585307089137406,4719.0,0.004498425282375915
306,2004.02.14.13.32.39,0.0778355331120931,0.4319978423653223,-0.0212189875644376,Normal,1009.0,4075.292157601134,0.012101729030594758,1009.0,0.02855478148365101,51.0,0.010194627507868084,474.0,0.005858134395808523,4413.0,0.005043124287633167,4712.0,0.0045898233181991075
307,2004.02.14.13.42.39,0.0770224988690398,0.4120063063697388,0.0227123277494597,Normal,1009.0,4083.778440459184,0.011854380545076764,1009.0,0.03349671267785804,51.0,0.011354806145056344,237.0,0.009402589458641883,4405.0,0.006171294964028749,474.0,0.0053000683995399365
308,2004.02.14.13.52.39,0.0760564121690686,0.4208909131129372,-0.0046302153139916,Normal,1009.0,4094.691677805058,0.011560471545918731,1009.0,0.040590237869807436,51.0,0.00964225819873271,4403.0,0.0051506037336079115,474.0,0.004418878535274217,4717.0,0.004364866835027941
309,2004.02.14.14.02.39,0.0776431996705321,0.4177640583898037,0.029726571727968,Normal,1009.0,4054.234204195266,0.01204595952809815,1009.0,0.03617978574026139,51.0,0.011024532124566475,4389.0,0.005829353166159006,4732.0,0.004730550832980292,4511.0,0.004357405839420342
310,2004.02.14.14.12.39,0.0782455201642959,0.462614995853301,-0.0346317113593478,Normal,1009.0,4092.9358036364133,0.012239525267350584,1009.0,0.034701118295544,237.0,0.011627079065198923,51.0,0.009597398585974536,4484.0,0.00616753045007176,474.0,0.005710302247559529
311,2004.02.14.14.22.39,0.0784832327460179,0.3663784441404645,-0.0352759882795859,Normal,1009.0,4098.55592583643,0.01231093997771241,1009.0,0.0401849941204731,51.0,0.010867110909824286,237.0,0.01048981780131961,474.0,0.008463208473107933,3591.0,0.00568134101895713
312,2004.02.14.14.32.39,0.0777913252439057,0.2953570136517198,0.0016333440813211,Normal,1009.0,4097.9893951433905,0.012093153211485371,1009.0,0.04172988066526237,30.0,0.010076406599218936,4481.0,0.007517608741993812,4258.0,0.004921058407298277,474.0,0.004837765250133075
313,2004.02.14.14.42.39,0.0765333653112116,0.355262772954064,-0.0059417829259852,Normal,1009.0,4100.2814757368005,0.011705219879583352,1009.0,0.038704511050531576,51.0,0.01094065002295372,474.0,0.005664087355322027,4364.0,0.005556716997938272,4482.0,0.005157834865320524
314,2004.02.14.14.52.39,0.0777195482091096,0.4379526468945034,-0.0542027001954044,Normal,1009.0,4092.761915313102,0.01206958407220676,1009.0,0.03368545029973865,51.0,0.011405569311635316,475.0,0.0052863779203453955,237.0,0.004911863083013449,4425.0,0.004819928457709817
315,2004.02.14.15.02.39,0.076934674818661,0.4162375296755685,0.0253707080247404,Normal,1009.0,4096.844469690912,0.0118320274128191,1009.0,0.041392293750461634,51.0,0.009309045218634699,475.0,0.004870789813310007,4435.0,0.004652489099505541,4657.0,0.00420507832676014
316,2004.02.14.15.12.39,0.078407565565388,0.443220644918866,-0.05459562201458,Normal,1009.0,4094.6983843334324,0.012288981095551692,1009.0,0.029588129160545647,51.0,0.010767862822153064,4475.0,0.0059725988937472125,475.0,0.004880707494039812,4340.0,0.004710909186375086
317,2004.02.14.15.22.39,0.0763741992465183,0.3836154471369735,-0.0107514063894253,Normal,1009.0,4079.0488194811755,0.011651213083393149,1009.0,0.04104862291911958,51.0,0.010206727709136257,237.0,0.006264694863976646,474.0,0.006118177835031348,4717.0,0.005643815246406697
318,2004.02.14.15.32.39,0.0768543341124949,0.3601853709222538,-0.0402462929743845,Normal,1010.0,4073.846912833697,0.011806205138733853,1010.0,0.031029913893350986,30.0,0.010143410626323478,475.0,0.006649196746747398,4493.0,0.00615337375238104,237.0,0.005563941109291779
319,2004.02.14.15.42.39,0.0768926888312739,0.4793932922345587,-0.0112815797733079,Normal,1009.0,4059.1964518566415,0.011809649237669046,1009.0,0.03558859332602553,51.0,0.011318635442871698,4419.0,0.005971072710745483,475.0,0.005411879980098494,237.0,0.005103663530720419
320,2004.02.14.15.52.39,0.0781796718078579,0.4221871397231123,0.0142684089834682,Normal,1009.0,4103.223671082375,0.012216326795731817,1009.0,0.02778368853862885,51.0,0.010102020612353498,4493.0,0.005441545774154618,349.0,0.005301361984613536,475.0,0.005281852300312807
321,2004.02.14.16.02.39,0.0782596608203661,0.4718474436506232,-0.0162592590818095,Normal,1009.0,4101.66989346705,0.01224228240640001,1009.0,0.03527960726629927,51.0,0.010817103903899018,4489.0,0.005990552774176089,4355.0,0.0051697292164423255,4629.0,0.004324578356793745
322,2004.02.14.16.12.39,0.0760031878957225,0.30438619570478,-0.0249440619756068,Normal,1009.0,4074.2084858160442,0.011537514102611942,1009.0,0.03988652824474413,51.0,0.011064888423456758,4404.0,0.005527605112810581,475.0,0.004894818277880352,237.0,0.004767416802463194
323,2004.02.14.16.22.39,0.0775694166814272,0.272213678600965,0.0153946994345142,Normal,1009.0,4119.179142853416,0.012023944528556358,1009.0,0.041586949382478575,51.0,0.010142910247186365,4495.0,0.005732580917974979,4690.0,0.0051117216155350965,4367.0,0.00501174593260164
324,2004.02.14.16.32.39,0.0773292290661736,0.2258166101647494,-0.0236228831190028,Normal,1009.0,4093.442990423582,0.011952615930986465,1009.0,0.03501125741600815,30.0,0.011005312824626353,237.0,0.008382755304013988,4407.0,0.005837837594155433,4711.0,0.005263589610086345
325,2004.02.14.16.42.39,0.0765137016043736,0.4724327312404091,0.0049414775347747,Normal,1009.0,4094.538029835278,0.01170431681475734,1009.0,0.03672205558284017,30.0,0.009936069734669713,237.0,0.008391458126498087,4477.0,0.005784299941494891,4718.0,0.005570463955306009
326,2004.02.14.16.52.39,0.0787624140760918,0.6552318596666904,-0.0004117681603815,Normal,1009.0,4095.0282866762936,0.012394137924284367,1009.0,0.04193496725491727,51.0,0.011241116273671739,4476.0,0.006039677186413335,474.0,0.005770931494616747,4180.0,0.0048044116798217
327,2004.02.14.17.02.39,0.0756344567305264,0.2940289000270888,-0.0148451141499926,Normal,1009.0,4091.180646894997,0.011436557771723041,1009.0,0.04167938752049107,30.0,0.01013779138977517,237.0,0.006888143237350215,4716.0,0.005463702288282342,4472.0,0.0050837548170372384
328,2004.02.14.17.12.39,0.0776498415992629,0.3089038176237886,0.0520895283097131,Normal,1009.0,4089.083198228211,0.012051510702752467,1009.0,0.02700264990180634,51.0,0.010626917916910526,237.0,0.009207550913856794,474.0,0.008141956018400036,4152.0,0.0054996350918963275
329,2004.02.14.17.22.39,0.078312223475669,0.4207031177532925,0.0577139981214796,Normal,1009.0,4090.8087707374852,0.01225940744509755,1009.0,0.03187236699250713,51.0,0.010687066402388982,474.0,0.008678435836072867,4401.0,0.006513746818226505,4270.0,0.004450641402642952
330,2004.02.14.17.32.39,0.077487861007487,0.4261150547702037,-0.015180320245079,Normal,1009.0,4084.9441596748675,0.011999579623248189,1009.0,0.030136887705110013,51.0,0.010125582813684442,237.0,0.00722222485189896,475.0,0.006304910255844988,4707.0,0.005327300616019947
331,2004.02.14.17.42.39,0.0766385636190668,0.4142624303884452,0.0443898574423054,Normal,1009.0,4074.7949831606084,0.011738620979209094,1009.0,0.03941124829485219,51.0,0.010570035587155125,237.0,0.009055016148913965,4203.0,0.005178435964239743,475.0,0.005155942728286702
332,2004.02.14.17.52.39,0.0751217787370946,0.4322386192221237,0.0053971070769729,Normal,1009.0,4061.1469659051318,0.01127872197754565,1009.0,0.034160133528288596,51.0,0.009836852187556568,4411.0,0.006359136144929455,237.0,0.006102254050605271,4676.0,0.004354756069044078
333,2004.02.14.18.02.39,0.0750074140215694,0.264094651949371,0.0052841904323497,Normal,1009.0,4089.582721890711,0.011241390646733622,1009.0,0.04349916380945082,51.0,0.010296192120121603,4424.0,0.006494191033481642,237.0,0.00639261568780687,4696.0,0.005129866207285452
334,2004.02.14.18.12.39,0.0763823157170354,0.332808431759835,0.0034653848290839,Normal,1009.0,4039.826312058808,0.011661241908230443,1009.0,0.03809112688040545,51.0,0.009811092907513067,237.0,0.007420454007414478,4392.0,0.005220530464424639,4133.0,0.004843597616879427
335,2004.02.14.18.22.39,0.0778802792151196,0.3784283215736437,-0.0529906367162034,Normal,1009.0,4087.739537465749,0.012119894075513327,1009.0,0.042444537449256574,51.0,0.010094476193406102,475.0,0.006472119562984397,4421.0,0.005308949547823751,4710.0,0.005081467909866655
336,2004.02.14.18.32.39,0.075274390967625,0.4381367657841588,0.014947210797409,Normal,1009.0,4069.1554086272404,0.011324971277995512,1009.0,0.035172647247252053,51.0,0.010130528619057,4426.0,0.006127509823472801,475.0,0.005011206398488476,3726.0,0.0047761060462154425
337,2004.02.14.18.42.39,0.0791829985895015,0.4132599061601256,0.0112720754948001,Normal,1009.0,4096.367189689915,0.012528118613497,1009.0,0.041942095904413446,51.0,0.011243176901839052,4416.0,0.006352036165747291,4698.0,0.006294894481790443,475.0,0.005627329102507923
338,2004.02.14.18.52.39,0.0780071132448629,0.3481483745968718,0.0210130612122557,Normal,1009.0,4091.6859123748845,0.012166442859345278,1009.0,0.039493186666485845,51.0,0.01032194310867443,237.0,0.006129162357317271,4408.0,0.005949991439427524,4250.0,0.004897361315275296
339,2004.02.14.19.02.39,0.0782558220303168,0.3212339905021637,0.0019217993073334,Normal,1009.0,4120.649284226831,0.012239071675403057,1009.0,0.03940785578056279,51.0,0.010356446055580365,4367.0,0.0065762407301890174,237.0,0.00544152970936401,4589.0,0.0051481484109791534
340,2004.02.14.19.12.39,0.0775620121106734,0.5701837051718384,0.0388834536970139,Normal,1009.0,4076.221608191121,0.012025492569641706,1009.0,0.038749967721560225,51.0,0.010476644484172744,237.0,0.006588310386120006,4472.0,0.0062284454713561355,4716.0,0.0049633075291620424
341,2004.02.14.19.22.39,0.0768954961879067,0.3632654563177486,0.0553695028426848,Normal,1009.0,4092.030305204715,0.011818205928568106,1009.0,0.028419376305146068,51.0,0.010891317062514616,4437.0,0.005508200152249967,4729.0,0.004733761068892492,4576.0,0.004673341205670487
342,2004.02.14.19.32.39,0.0767519820463737,0.3774049694681145,0.0140116840043668,Normal,1009.0,4095.8413881969823,0.01177379402338963,1009.0,0.040549241314126315,51.0,0.010350634008596264,237.0,0.0082375514791398,4390.0,0.006070692413086766,4495.0,0.005091809877200008
343,2004.02.14.19.42.39,0.0770607312373048,0.3376605342051548,0.0378279300487716,Normal,1009.0,4071.721716682399,0.011868119612349699,1009.0,0.040427454949660865,51.0,0.010970918444199352,237.0,0.007262758581110813,4494.0,0.005596627869839914,4327.0,0.0047740875107116325
344,2004.02.14.19.52.39,0.0764843989402414,0.4036831485979366,0.0095565890482651,Normal,1009.0,4083.270214662372,0.011690307391943953,1009.0,0.03832815829628404,51.0,0.010521590624182762,475.0,0.0069504966346397344,4645.0,0.005985848009973148,4379.0,0.005262883941747266
345,2004.02.14.20.02.39,0.0780482951572494,0.4955016945782224,0.0395524404557654,Normal,1009.0,4094.112873507329,0.012173365826529598,1009.0,0.03458276454106872,51.0,0.009890194124038286,474.0,0.0060970613895092955,4365.0,0.005829062984364232,237.0,0.0055817322269642086
346,2004.02.14.20.12.39,0.0765058122409051,0.3214339391366456,0.0030977003711386,Normal,1009.0,4074.307406213488,0.011695620836989329,1009.0,0.03018792423682981,51.0,0.010726926594678,237.0,0.008091068731074215,4715.0,0.006123315691840665,4493.0,0.005756989964951751
347,2004.02.14.20.22.39,0.0787050532074696,0.5518785151478065,-0.0409455604886703,Normal,1009.0,4079.6197721892763,0.012379653363245983,1009.0,0.03050662446978991,51.0,0.009815535013128167,4398.0,0.006203855517224521,474.0,0.0060117915921196405,237.0,0.005050563147900151
348,2004.02.14.20.32.39,0.0772206416072436,0.4224930257201391,-0.019125658602111,Normal,1009.0,4136.082258203225,0.011917157101092766,1009.0,0.041387435347790665,30.0,0.011146233777198143,237.0,0.0077932063818421,4413.0,0.006193378785257209,474.0,0.006004288815104352
349,2004.02.14.20.42.39,0.0766811590058755,0.3061549297903347,0.0302537167761145,Normal,1009.0,4115.978989733528,0.011751264618493707,1009.0,0.04138805397876166,51.0,0.010676516942485972,4499.0,0.0067867743968742025,4392.0,0.005548510624570548,4674.0,0.00537144797029513
350,2004.02.14.20.52.39,0.0756051849686291,0.389790037405521,0.0035128804980339,Normal,1009.0,4100.3147414209125,0.01142083137269102,1009.0,0.0391064134433867,51.0,0.01029998838545782,4475.0,0.00596649228024475,4360.0,0.005240678265204319,4236.0,0.004748390585795087
351,2004.02.14.21.02.39,0.0764314739805778,0.2740950474169192,-0.0125219613754623,Normal,1009.0,4094.8825411516623,0.011674466970605354,1009.0,0.03897207246544264,51.0,0.010215265661796109,4730.0,0.006115073687653373,237.0,0.005770799981492199,4406.0,0.005090075064278428
352,2004.02.14.21.12.39,0.0773858846721052,0.468679864414069,0.0201020078995498,Normal,1009.0,4111.78248030785,0.011963732507940736,1009.0,0.04207586449573367,237.0,0.011543458853691263,51.0,0.009307998801763515,4405.0,0.005580887263822313,474.0,0.005198455330931963
353,2004.02.14.21.22.39,0.0767322283221414,0.4150533719613865,-0.0173367235688941,Normal,1009.0,4089.227674349845,0.011768655215879224,1009.0,0.04154295180669334,51.0,0.010876620479884917,4425.0,0.00606675573898112,3283.0,0.0059248496579191725,474.0,0.005695461845004977
354,2004.02.14.21.32.39,0.0778740356581543,0.5209914178339541,-0.0231160857859808,Normal,1009.0,4089.121259338251,0.012121078562920785,1009.0,0.039138407336959474,51.0,0.010157627905237571,237.0,0.007915917054096128,474.0,0.006807941065338387,4489.0,0.005449588946338579
355,2004.02.14.21.42.39,0.0761019791494856,0.4680643539839941,-0.0110060751174715,Normal,1009.0,4110.788699200991,0.011578959605573529,1009.0,0.04143946199976527,51.0,0.011098730861382623,4438.0,0.0065656522332811695,237.0,0.005613738040601719,4293.0,0.005391959923119398
356,2004.02.14.21.52.39,0.0784487728453256,0.3924706247737952,-0.0184471824507389,Normal,1009.0,4093.3452430354464,0.012301195848643526,1009.0,0.03390292270304778,51.0,0.010369991293134238,237.0,0.00898560809979457,475.0,0.006166524939638467,4390.0,0.005605980908884606
357,2004.02.14.22.02.39,0.0783861896418144,0.4702673332381755,0.0118306590193985,Normal,1008.0,4079.7869982015786,0.012283145785353522,1008.0,0.03987645268577227,51.0,0.01085574029049146,4383.0,0.006556122232736965,237.0,0.005150177973496536,4963.0,0.004447002764499928
358,2004.02.14.22.12.39,0.076401252073244,0.4155701252808761,0.0418661164574156,Normal,1009.0,4090.112665456302,0.011667320179000067,1009.0,0.040842217705568534,51.0,0.01101352812725151,237.0,0.00873084168221589,474.0,0.0058005204763895415,4475.0,0.005694674752856726
359,2004.02.14.22.22.39,0.07758806582835,0.4161077726251578,-0.0136327611505855,Normal,1009.0,4095.3722883776263,0.01202750335101079,1009.0,0.034539617181638,51.0,0.009695391272794191,474.0,0.007533929332632607,4388.0,0.005962816442754073,4715.0,0.004737433277443451
360,2004.02.14.22.32.39,0.0763078773041936,0.259737428643497,0.027416412410051,Normal,1009.0,4088.0300368018575,0.011638464776768153,1009.0,0.04386181426060694,51.0,0.009991367679030236,4473.0,0.006604580740137624,237.0,0.005703855548610196,475.0,0.00452446675016988
361,2004.02.14.22.42.39,0.0753586240373115,0.4605992204506139,0.0316475578937975,Normal,1009.0,4078.7870333878104,0.011349952849132053,1009.0,0.033020250606711404,51.0,0.009921161090533467,4474.0,0.006738731988018932,4718.0,0.0063007306695568215,475.0,0.006096008763991789
362,2004.02.14.22.52.39,0.0768473247948489,0.2964954180069941,-0.0112021511205236,Normal,1009.0,4111.78081930228,0.011799428820515958,1009.0,0.042354010904592634,51.0,0.01008667053159345,4716.0,0.005831090359308944,4257.0,0.0053492192509464595,4431.0,0.004954694115406546
363,2004.02.14.23.02.39,0.0778728747327374,0.4005970384193849,0.0220041848818913,Normal,1009.0,4129.416014457515,0.01212153880178242,1009.0,0.038876755569697996,51.0,0.010604461294949652,475.0,0.006523776516334282,4421.0,0.005742955349567484,237.0,0.005653246658273361
364,2004.02.14.23.12.39,0.0775552395750723,0.4118224568468189,0.0313304269011088,Normal,1009.0,4104.279817735493,0.012019396477266775,1009.0,0.026970413814567436,51.0,0.00988709064229125,237.0,0.007003046301559579,4478.0,0.006295352769587855,4700.0,0.00520619498992447
365,2004.02.14.23.22.39,0.0766644003005143,0.4049766158613508,0.0341819012082842,Normal,1009.0,4088.23224981369,0.011745362784316093,1009.0,0.03383608839544277,51.0,0.010228056709346926,237.0,0.007245222912172236,4413.0,0.0050487939462916034,4722.0,0.004827444161717836
366,2004.02.14.23.32.39,0.0775650527128277,0.59416197100937,-0.0214004015321558,Normal,1009.0,4101.947699214287,0.012020632375498535,1009.0,0.04176893527158904,51.0,0.01058503146932411,4494.0,0.005669705706197761,475.0,0.005285259225175882,237.0,0.00495209666636994
367,2004.02.14.23.42.39,0.0774949654992785,0.3910969739121195,-0.0393762203455962,Normal,1009.0,4113.456298768088,0.012000594104776696,1009.0,0.03766135696476486,51.0,0.010819838986741007,4479.0,0.0071171955558320225,4708.0,0.0069573461659715105,474.0,0.005082232679356669
368,2004.02.14.23.52.39,0.0769625102144909,0.4719871514500311,0.0434724186205714,Normal,1009.0,4103.702286494011,0.011838307511029812,1009.0,0.04043566149416941,51.0,0.010845243074162422,474.0,0.00679833956713461,4420.0,0.006563039389949835,237.0,0.005253734138216961
369,2004.02.15.00.02.39,0.0782745225402637,0.3734058194569596,0.0218324772881955,Normal,1008.0,4106.256955354248,0.012243781180772283,1008.0,0.03361312634593144,51.0,0.009830367145001023,4492.0,0.00869386518940262,474.0,0.008366649976959342,4325.0,0.0046846378779053805
370,2004.02.15.00.12.39,0.0757647810712949,0.393678130983552,-0.0116431423541712,Normal,1009.0,4090.6933159252408,0.011471873480160233,1009.0,0.03396305626078988,51.0,0.010454933490635383,4474.0,0.005025964325446768,4369.0,0.004637321556663918,3512.0,0.004384834150161031
371,2004.02.15.00.22.39,0.0749523728985614,0.3035741644560339,0.0231607600409978,Normal,1009.0,4101.379032986942,0.011229199539843417,1009.0,0.042693969520406966,51.0,0.009375531334084515,237.0,0.006722239836958979,4411.0,0.004989364578794438,4164.0,0.004122389105392647
372,2004.02.15.00.32.39,0.0760121051985718,0.5926312705867858,-0.0375794390243041,Normal,1009.0,4065.3679749557464,0.01154734614592759,1009.0,0.035462764665260216,51.0,0.010216188842632742,474.0,0.007925926963596711,4374.0,0.005361616732245631,4489.0,0.004888312454883085
373,2004.02.15.00.42.39,0.0778461664744361,0.4691571133496648,0.0136469354811412,Normal,1009.0,4118.693538048609,0.012112357361925723,1009.0,0.04078481928289428,51.0,0.010214022529111553,3566.0,0.005366418375448206,4414.0,0.005314027914849348,4238.0,0.0046991739400697435
374,2004.02.15.00.52.39,0.0777719026876432,0.3199102815576577,0.0022227947634597,Normal,1009.0,4092.4150673360505,0.012087017040648967,1009.0,0.03386566891522192,51.0,0.010800123976835892,4436.0,0.005770511218263745,474.0,0.004830703549829763,4222.0,0.004559938508301764
375,2004.02.15.01.02.39,0.0760942646286499,0.4232333804035528,0.0436053223652424,Normal,1009.0,4092.5287022004245,0.011573987101056081,1009.0,0.04259696590063147,51.0,0.009908821080441903,237.0,0.007352184232768524,4465.0,0.0052285965506961695,474.0,0.0044630001498909095
376,2004.02.15.01.12.39,0.0779198171224151,0.3696095439516784,0.0137464917940076,Normal,1009.0,4096.2670126954035,0.012134082687569157,1009.0,0.038052086488334184,51.0,0.01122187575814372,4438.0,0.0071989589129586,4730.0,0.006047055867679971,474.0,0.005614105747481347
377,2004.02.15.01.22.39,0.0768540240691728,0.3818657000263892,0.0333425857513888,Normal,1009.0,4121.103299285608,0.011807558408390068,1009.0,0.04327825841765101,51.0,0.01006792583942731,4727.0,0.005188849360727717,237.0,0.004987207586584303,474.0,0.004490060103759848
378,2004.02.15.01.32.39,0.0767432976893381,0.3646884901407135,-0.0038610033668955,Normal,1009.0,4093.822763132629,0.011771645161957322,1009.0,0.03916038965523796,51.0,0.011046612570602132,474.0,0.006812905610540329,237.0,0.006801314013641942,4489.0,0.005916817177118759
379,2004.02.15.01.42.39,0.0758298664929838,0.3324219979978515,0.0442235705700143,Normal,1009.0,4091.744482071679,0.011493345604639943,1009.0,0.03850131445539242,51.0,0.010933622161119831,237.0,0.005177613764227391,4603.0,0.0050987092993289,474.0,0.00503428438450512
380,2004.02.15.01.52.39,0.0784444861181699,0.56474034220826,0.0115716334124026,Normal,1008.0,4080.3963054255496,0.01230220819148261,1008.0,0.028046704413411217,51.0,0.01054826326800673,237.0,0.0104512571149597,4714.0,0.0073732821048117575,4470.0,0.005783454500159091
381,2004.02.15.02.02.39,0.0773195448235357,0.2586474375706968,-0.0845136537029838,Normal,1009.0,4115.954745019792,0.011944898231537163,1009.0,0.03547472558625771,237.0,0.011706222086304157,51.0,0.01116769290904358,4399.0,0.005720919340284396,4687.0,0.005119657353582564
382,2004.02.15.02.12.39,0.0774024758112991,0.3167613458612375,0.0030506682654143,Normal,1009.0,4117.092964822554,0.011969396814724951,1009.0,0.03501456731372754,51.0,0.010677281252814044,4417.0,0.005195652936067681,3598.0,0.005169385185401858,4715.0,0.005103161350447556
383,2004.02.15.02.22.39,0.0770157311954025,0.3112997957537118,0.007963625337304,Normal,1009.0,4114.08087487844,0.011854826248193742,1009.0,0.03952676164884805,237.0,0.010520975454816405,51.0,0.010231091229447577,4669.0,0.005913668697731661,4414.0,0.005756947123745296
384,2004.02.15.02.32.39,0.0752119894656098,0.3649192576756848,0.0093882188000886,Normal,1009.0,4086.2486545313645,0.01130845733009898,1009.0,0.03390279784397134,51.0,0.010798063487450868,237.0,0.007715241012061665,4385.0,0.005108116893798236,4729.0,0.004742194351520554
385,2004.02.15.02.42.39,0.0768884849072221,0.404782937150947,-0.0199986890378833,Normal,1008.0,4097.732037419268,0.01181129045394039,1008.0,0.03399449466823195,51.0,0.010178553485782437,237.0,0.008108391047281345,4420.0,0.0066626332513229055,4713.0,0.005155152848693112
386,2004.02.15.02.52.39,0.076371731402541,0.4449028052797281,0.0453375375064901,Normal,1009.0,4111.543613337875,0.011649545807164034,1009.0,0.04249366528451363,51.0,0.009737162095666869,237.0,0.006939797827699897,4716.0,0.005956569943752237,4395.0,0.005271358705032426
387,2004.02.15.03.02.39,0.075864696646501,0.3650362834636387,-0.0046546985559343,Normal,1009.0,4114.660088628938,0.011501012227054772,1009.0,0.039920107703773494,51.0,0.01096638347688812,475.0,0.005977807426494849,4709.0,0.005218738420822028,4458.0,0.0045887203623645205
388,2004.02.15.03.12.39,0.075098837218445,0.3680355169904707,-0.0098190022824236,Normal,1009.0,4104.976351443721,0.011272822271472407,1009.0,0.04233726376174242,51.0,0.010491720245640171,237.0,0.006213975300063469,4456.0,0.004797596312256559,4320.0,0.004506356237056167
389,2004.02.15.03.22.39,0.0779951132784131,0.4231812112270336,0.0109819159159853,Normal,1009.0,4100.208800216382,0.012158399202198638,1009.0,0.04002045223556188,51.0,0.01169198311659507,237.0,0.006004943097823122,4403.0,0.005691992269226606,4295.0,0.004716980723639575
390,2004.02.15.03.32.39,0.0779653456170592,0.267938429937038,0.0180311315393953,Normal,1009.0,4093.8740070390636,0.012151387468341606,1009.0,0.040136524914291455,44.0,0.010302662893538077,4407.0,0.005698383955493101,475.0,0.005039354377652805,4693.0,0.0049174825385518706
391,2004.02.15.03.42.39,0.0779880759490473,0.4842177956348408,0.0169612543221805,Normal,1009.0,4079.9345797806554,0.01215422044105888,1009.0,0.029039442576474367,51.0,0.010608337042688612,4718.0,0.0053924463543987885,4413.0,0.005147920293329905,4283.0,0.00472033451635724
392,2004.02.15.03.52.39,0.0778336241406951,0.3371091909595982,0.0262398189332603,Normal,1009.0,4116.671698204487,0.012105411214549031,1009.0,0.04299843904484515,44.0,0.009762010489008013,474.0,0.007707863498372833,4441.0,0.005246919933611238,3543.0,0.004364845258086387
393,2004.02.15.04.02.39,0.0789731544947989,0.3611321322444012,0.0067839719973264,Normal,1009.0,4091.5443965408417,0.012463259252939297,1009.0,0.04011469000955446,51.0,0.01157423948711105,237.0,0.00770186788329667,4283.0,0.00633963858038482,4465.0,0.005421234318107398
394,2004.02.15.04.12.39,0.0786314276610543,0.4299032321679883,0.0152261980149484,Normal,1009.0,4089.745533765013,0.012358645700183546,1009.0,0.03753427111628635,51.0,0.011602831726719769,4481.0,0.006883670705259594,4732.0,0.0047078081816996,474.0,0.00447363302622777
395,2004.02.15.04.22.39,0.0772709316302062,0.4383060832869869,0.025830176954956,Normal,1009.0,4094.5433352343707,0.011930999873398816,1009.0,0.03931907892782992,51.0,0.009733204792342293,474.0,0.00807715099615512,4476.0,0.005549481830757224,4716.0,0.005480699373025322
396,2004.02.15.04.32.39,0.076864965363881,0.3077839773743682,0.0388726042823473,Normal,1009.0,4094.5689670107877,0.011807736345346447,1009.0,0.03816228302469962,51.0,0.009552461185437157,4489.0,0.005501571971027566,474.0,0.00548605999811232,4358.0,0.004572356544499694
397,2004.02.15.04.42.39,0.0785943268492747,0.5275230618433251,0.0031698031267807,Normal,1009.0,4088.799936098722,0.012346022926762127,1009.0,0.03934628299925069,51.0,0.011057670498211627,4436.0,0.006718582552944725,474.0,0.005872611939633128,4703.0,0.004878408896506133
398,2004.02.15.04.52.39,0.0740658757801332,0.1608655511931616,0.0173564037791589,Normal,1009.0,4097.230427118864,0.010962879841506838,1009.0,0.040916710830690234,51.0,0.009990480053349085,474.0,0.006328754746548465,4710.0,0.005442759039462341,4458.0,0.004611728567296607
399,2004.02.15.05.02.39,0.0771829730453874,0.336034830856613,0.0202561865084471,Normal,1009.0,4091.6320379828417,0.011909692335093638,1009.0,0.040176263667726066,237.0,0.011293433796648935,51.0,0.010827339816294706,474.0,0.006513834535891872,4416.0,0.005617281008616488
400,2004.02.15.05.12.39,0.0776099066319621,0.5830624514456066,0.0605070504592358,Normal,1009.0,4121.311025616575,0.01203967071653635,1009.0,0.04161338517486753,51.0,0.010621612570845838,237.0,0.0061959946879630474,4704.0,0.005009463845942549,4422.0,0.004914969275994204
401,2004.02.15.05.22.39,0.075354838656747,0.3873433248055256,0.0155239399467113,Normal,1009.0,4104.195160341435,0.01134816979031466,1009.0,0.04143124718003938,51.0,0.010887699484565808,475.0,0.007418863279074152,4731.0,0.006007573417957952,4428.0,0.005442645052554342
402,2004.02.15.05.32.39,0.0765868073658903,0.3295190812445909,0.0237295637841335,Normal,1009.0,4132.302021760668,0.011720684275596256,1009.0,0.043514528030344744,51.0,0.010653419861922659,475.0,0.005549166493196669,4329.0,0.005374258023873117,4716.0,0.0052698244714178034
403,2004.02.15.05.42.39,0.0740066815633266,0.346576183254911,-0.0065627632506168,Normal,1009.0,4112.358886882458,0.010943942015853456,1009.0,0.03947977637040759,51.0,0.010421889098658654,4717.0,0.006028536804834186,474.0,0.005817702157496881,4469.0,0.005573168412527153
404,2004.02.15.05.52.39,0.0772364486116537,0.412106396846204,0.0166870646413019,Normal,1009.0,4123.117858187405,0.01192490967021718,1009.0,0.04173879976047953,51.0,0.010006834691849348,474.0,0.007062977998657075,4405.0,0.006456505106532147,3583.0,0.005181872465218664
405,2004.02.15.06.02.39,0.0763822284580565,0.2227278037888735,-0.0210148470731604,Normal,1009.0,4083.9052033543167,0.011660166133019222,1009.0,0.03347072157111048,51.0,0.010452922181759139,4718.0,0.006436812509303146,474.0,0.006220055169126875,4371.0,0.005398449005128581
406,2004.02.15.06.12.39,0.0765719723094512,0.3681107468870848,-0.0094970147376978,Normal,1009.0,4106.076143120946,0.011712793831724855,1009.0,0.039429759267740776,51.0,0.010679196904156077,4727.0,0.005401249742970258,4353.0,0.004942080161494739,474.0,0.004552411225558507
407,2004.02.15.06.22.39,0.0762263158017172,0.314020768717103,-0.0012239519829088,Normal,1009.0,4084.903417263741,0.011613224687555277,1009.0,0.04005649284941781,51.0,0.01130484144129951,4267.0,0.005491226991649988,475.0,0.005059156475051787,4392.0,0.005008799568668827
408,2004.02.15.06.32.39,0.0761112842349321,0.2386430073686631,-0.0186322571637347,Normal,1009.0,4104.085576679538,0.011579936271961222,1009.0,0.04188665366653882,44.0,0.009924688554164514,237.0,0.007100431127408663,4444.0,0.00584668059962568,4731.0,0.004708745605499682
409,2004.02.15.06.42.39,0.0762350372742292,0.480251076003642,0.0122456699434489,Normal,1009.0,4105.917908621663,0.011614443478053254,1009.0,0.04099355387458235,51.0,0.010254758272058538,4259.0,0.00556683481477762,4709.0,0.0054565773274908545,4407.0,0.004732496935920126
410,2004.02.15.06.52.39,0.0770855250603388,0.4056871758192355,-0.0300252782923532,Normal,1009.0,4119.90760726394,0.011873360111586967,1009.0,0.04201133390415617,51.0,0.010720393963043078,237.0,0.00698398287795855,4397.0,0.006010915018151386,4731.0,0.005399599404616258
411,2004.02.15.07.02.39,0.0774851308820763,0.6670576458997246,-0.0158787496777988,Normal,1009.0,4137.334098616189,0.011996706313484588,1009.0,0.03524796422395535,51.0,0.011073500223941029,4714.0,0.006471749847943716,4420.0,0.0053914411589982905,4951.0,0.004367847638233383
412,2004.02.15.07.12.39,0.076106518115135,0.3022605356791517,-0.0083797227103057,Normal,1009.0,4127.0246324793325,0.011577310256297858,1009.0,0.04088375397441142,44.0,0.009697064807686777,4709.0,0.006591457555972584,475.0,0.005071309104196983,4207.0,0.004732821922373149
413,2004.02.15.07.22.39,0.0763500355578666,0.4431342835395671,0.0146393758932461,Normal,1009.0,4098.32151022171,0.011651086438529235,1009.0,0.039901351879593636,51.0,0.011272665739495022,475.0,0.006441710849460997,4437.0,0.006160187669319374,4278.0,0.004801933710869862
414,2004.02.15.07.32.39,0.0770615609735975,0.3695245233286552,0.0495777605746917,Normal,1009.0,4125.040808163305,0.01186532783345268,1009.0,0.04225952404277367,51.0,0.009520241705314621,237.0,0.0062352480314937335,4405.0,0.005933964994950401,504.0,0.004613266808825237
415,2004.02.15.07.42.39,0.0769959576226854,0.3919277969191701,-0.0166296463732268,Normal,1009.0,4099.596265648096,0.011848377754912296,1009.0,0.037738462233482865,51.0,0.010777754396598263,237.0,0.009911731365692365,4493.0,0.0056400135481305645,504.0,0.004720029346563495
416,2004.02.15.07.52.39,0.0772802709829819,0.4806387098295492,0.0157454160498199,Normal,1009.0,4095.593521326483,0.011936952781216401,1009.0,0.04141020998046662,51.0,0.009746765192098234,4326.0,0.0052897785092353485,474.0,0.005211319174215083,4432.0,0.0050536187699851826
417,2004.02.15.08.02.39,0.0778043576312165,0.3735755677580297,-0.0001675839949925,Normal,1009.0,4101.879048438512,0.012097927657367667,1009.0,0.036255173728695606,51.0,0.010412484806744728,4408.0,0.005844176671024089,4693.0,0.004728107605376473,3556.0,0.0044691673150875
418,2004.02.15.08.12.39,0.0768502967803923,0.4013357758732137,0.0201313397032784,Normal,1009.0,4110.427558482379,0.011800323000369735,1009.0,0.04120731011100627,51.0,0.010419623749570991,4414.0,0.0057654544551741125,4709.0,0.0054711864345759025,4295.0,0.00435992397756091
419,2004.02.15.08.22.39,0.0765963059931539,0.342578328673436,-0.0154923677101616,Normal,1009.0,4118.46499586402,0.011726830171177694,1009.0,0.04336379521142582,51.0,0.010386822112802174,4397.0,0.006509794455124199,475.0,0.006265437421508978,4680.0,0.004714625520025645
420,2004.02.15.08.32.39,0.0764039940873512,0.4208639557564058,-0.0076686064061381,Normal,1009.0,4124.513055421323,0.011667924243024602,1009.0,0.03949101590140853,30.0,0.00977822671531018,4421.0,0.007171243908065262,474.0,0.004443555220699699,3851.0,0.004396794205234371
421,2004.02.15.08.42.39,0.078077952396247,0.352352808390969,-0.0150900907760298,Normal,1009.0,4091.255206902486,0.012182092266071837,1009.0,0.04147120081431528,51.0,0.010914866841159054,237.0,0.0065727899943434824,4458.0,0.005485269082201385,474.0,0.005403006652998066
422,2004.02.15.08.52.39,0.0771305745934086,0.4000626852348472,-0.0389795530893923,Normal,1009.0,4113.739849573292,0.01189034245104778,1009.0,0.037016217846272674,51.0,0.010345964061900907,4477.0,0.006846730934232693,4341.0,0.004357398213565434,4953.0,0.004149557861144705
423,2004.02.15.09.02.39,0.0766775226547438,0.3703430496021007,-0.0261719891525715,Normal,1009.0,4109.731657674798,0.011745503521223787,1009.0,0.029657930529480264,51.0,0.009858198641424967,237.0,0.006160541686372304,4394.0,0.005448664189302876,4724.0,0.0048984624133988075
424,2004.02.15.09.12.39,0.0761684553719582,0.3379413350421925,-0.0011230233659934,Normal,1009.0,4097.827265456763,0.011595472013920471,1009.0,0.04033294831483943,51.0,0.011088480242997158,4731.0,0.005232428391158047,4367.0,0.0048517248422377856,4497.0,0.004530916752349442
425,2004.02.15.09.22.39,0.0776900907150487,0.4444621380077156,0.0852483256135544,Normal,1009.0,4105.728890952657,0.012066571957249498,1009.0,0.035022737159459805,44.0,0.010051474652163467,237.0,0.007244778399993954,4528.0,0.006610703056269054,4672.0,0.005323514857956478
426,2004.02.15.09.32.39,0.0770459766602465,0.4245121177058362,-0.0023399100931393,Normal,1009.0,4097.633895279529,0.011863375011566944,1009.0,0.03929185548718531,51.0,0.011009514637929672,237.0,0.005973945705333014,4418.0,0.005228985110253259,4657.0,0.004807489254149585
427,2004.02.15.09.42.39,0.0761898357030196,0.2049135347984658,0.0131722962797781,Normal,1009.0,4136.754003948518,0.011600340249338002,1009.0,0.041440450106490646,51.0,0.010445397777395046,4427.0,0.00533588753661279,4731.0,0.004717797454529847,4565.0,0.0041073668146662
428,2004.02.15.09.52.39,0.0762667674955399,0.4773930745507346,-0.0029892546066891,Normal,1009.0,4116.40126418289,0.011627161041022339,1009.0,0.040265027800114664,51.0,0.010749262177732657,474.0,0.007736651484257194,4458.0,0.006531917851361433,4685.0,0.0050558477711722455
429,2004.02.15.10.02.39,0.076879729910385,0.3443925457307482,0.0465007743153889,Normal,1009.0,4132.067097661505,0.011809461072204453,1009.0,0.04259815024388125,51.0,0.010162822519454677,237.0,0.007799917838517735,4412.0,0.006392029759585513,1935.0,0.004530063005684099
430,2004.02.15.10.12.39,0.0775939318614461,0.3416938055017189,0.0108535507737069,Normal,1009.0,4126.571509395168,0.012031369197127469,1009.0,0.03981853502613683,51.0,0.010582635688979864,4494.0,0.005583218152793658,475.0,0.0047901884271085,4682.0,0.004597183191358953
431,2004.02.15.10.22.39,0.077518064615913,0.4184945898308085,0.0086474763553612,Normal,1009.0,4083.513912747154,0.012007966926159522,1009.0,0.04154835379070799,51.0,0.011151095702628438,475.0,0.006013243758763522,4491.0,0.005474940306393658,4671.0,0.005308060365940966
432,2004.02.15.10.32.39,0.077267901571618,0.3435785290994704,0.0241524831055082,Normal,1009.0,4113.590397404712,0.011935040424134322,1009.0,0.041900994007694,51.0,0.01075672412571023,4425.0,0.008028013025500427,237.0,0.006828999945547154,475.0,0.004723020307923577
433,2004.02.15.10.42.39,0.0762995887675271,0.2913308967098595,-0.0015354823704096,Normal,1009.0,4110.999893105089,0.011635929374660695,1009.0,0.041556424782478514,51.0,0.009583299920845376,474.0,0.005006066318574203,1929.0,0.004924481585311371,3531.0,0.004711365786026991
434,2004.02.15.10.52.39,0.0778144436880735,0.3765801214698361,-0.0175673736729217,Normal,1009.0,4123.762282000309,0.01210057020140967,1009.0,0.03915750014498627,51.0,0.010266805349300374,4495.0,0.006362508736684042,4388.0,0.005139964727094246,4717.0,0.004984591074188505
435,2004.02.15.11.02.39,0.0779844341689817,0.2728455757651256,-0.0023962720866781,Normal,1009.0,4101.262588518116,0.012152476189435123,1009.0,0.03818742714558038,51.0,0.010445237656743088,4404.0,0.005767465952491464,4710.0,0.005078091198350326,236.0,0.004534638391065842
436,2004.02.15.11.12.39,0.0771727857938762,0.4433362853016818,0.0340653207998295,Normal,1009.0,4086.9751929434997,0.01190588179939428,1009.0,0.03629445858995029,51.0,0.011436102250086875,237.0,0.006977127369728628,4424.0,0.005576132122998998,474.0,0.005486981175643311
437,2004.02.15.11.22.39,0.0765723166538297,0.4935185749376494,-0.0039231208423093,Normal,1009.0,4098.034722287853,0.011719233278486155,1009.0,0.041423351353704195,44.0,0.010339903602537094,4304.0,0.005363329529671162,4716.0,0.004666464279022712,4414.0,0.004441364713317053
438,2004.02.15.11.32.39,0.0782258358631237,0.4387350438105728,0.0307094062969312,Normal,1009.0,4109.854240802062,0.012231972616411914,1009.0,0.03670102866462442,51.0,0.011409285837520294,474.0,0.007398936168353397,4458.0,0.005141912507812723,4687.0,0.004859071661398127
439,2004.02.15.11.42.39,0.0782152915735631,0.2898784257899969,0.0474376030535521,Normal,1009.0,4106.964183182914,0.01222660137888017,1009.0,0.03996586588005305,51.0,0.010205022082021545,237.0,0.007230753474755525,4494.0,0.0068991317969684844,474.0,0.005245680632183131
440,2004.02.15.11.52.39,0.0773825221631352,0.5335850965343232,0.0208525794418079,Normal,1009.0,4135.883663442517,0.011968289428794597,1009.0,0.042519380623050655,237.0,0.012166481815402159,51.0,0.010705490816345135,474.0,0.0073795172856190965,4386.0,0.005997664313412841
441,2004.02.15.12.02.39,0.0772641964605049,0.3621181761247989,-0.0009911069393442,Normal,1009.0,4118.347063024322,0.011928566390125732,1009.0,0.03995516389187407,51.0,0.009930690898833625,4443.0,0.005707308959559798,474.0,0.005036047122453013,4717.0,0.00496027060124415
442,2004.02.15.12.12.39,0.0769938388489827,0.3984708522721938,-0.0069289152704166,Normal,1009.0,4148.480508614421,0.011848901805988134,1009.0,0.04188905896648745,51.0,0.00990923400925788,4403.0,0.006085803163132191,4730.0,0.005208207682120256,237.0,0.005193399639018354
443,2004.02.15.12.22.39,0.0769098260165151,0.4044590198688453,0.0076724210407041,Normal,1009.0,4107.843651871174,0.011817707061863197,1009.0,0.04054764440378911,51.0,0.009804075413054808,474.0,0.0073409759700015734,237.0,0.005986077860324297,4400.0,0.005498821154282383
444,2004.02.15.12.32.39,0.0773235519712663,0.4491927431890046,0.007486065846597,Normal,1009.0,4142.185249789243,0.011947831959908712,1009.0,0.04120713296714516,51.0,0.010934318739380779,4490.0,0.006471335740890641,4188.0,0.004841766360058107,4373.0,0.004738781285018525
445,2004.02.15.12.42.39,0.0783128544609895,0.3938119643810864,-0.0259097939342769,Normal,1009.0,4123.637110514915,0.012254198321994404,1009.0,0.04070803720760379,51.0,0.010232393880719386,237.0,0.008878083070443247,4473.0,0.006007639758659893,4724.0,0.005518826907082355
446,2004.02.15.12.52.39,0.0783206512617362,0.3138460014873256,0.0080123748397912,Normal,1009.0,4087.546474942971,0.012261274942642534,1009.0,0.038167254669377086,51.0,0.010367787180474791,4405.0,0.006871978391271415,4702.0,0.00515387150057378,4180.0,0.0045760381011265006
447,2004.02.15.13.02.39,0.0786346659772862,0.6568070391325245,-0.0068223258440086,Normal,1009.0,4087.0682545681807,0.012358684659629526,1009.0,0.03997512853949256,51.0,0.009946722888845837,237.0,0.008978751239322154,4383.0,0.006794285143917314,4671.0,0.005165463124648026
448,2004.02.15.13.12.39,0.075895809993763,0.3326513606656682,-0.0033407729033218,Normal,1009.0,4103.5856632763325,0.011513518015267926,1009.0,0.04206045987966774,51.0,0.010522785999739258,474.0,0.006995060671870207,4383.0,0.005660485540727291,4704.0,0.004833937934126671
449,2004.02.15.13.22.39,0.0759920839704496,0.3630223685147573,0.01813517338495,Normal,1009.0,4099.938914720421,0.011536494982189043,1009.0,0.039725980822028696,51.0,0.010061850424570851,4429.0,0.004948639780050919,4205.0,0.004761107945574241,474.0,0.004690041151735953
450,2004.02.15.13.32.39,0.0767133287926754,0.3933019145314724,0.0024107010572614,Normal,1009.0,4078.4457120771467,0.011761201094050702,1009.0,0.035318168597338676,51.0,0.010402268004181175,4460.0,0.005468622425108275,237.0,0.005414862494183041,4197.0,0.005005716211044765
451,2004.02.15.13.42.39,0.0788765361751159,0.3171912838501538,0.0055486159710913,Normal,1009.0,4105.005860931681,0.012436269141626804,1009.0,0.0371724144172025,51.0,0.009983258786213808,237.0,0.009352620919745822,475.0,0.005882080469147794,4433.0,0.005723314761264728
452,2004.02.15.13.52.39,0.0769864125339254,0.3960282953144136,-0.048938440253877,Normal,1009.0,4125.133402484491,0.01184499185614353,1009.0,0.044111745897353144,51.0,0.010347743311978155,237.0,0.007242307249151924,4491.0,0.005442606888767824,4731.0,0.004938351025441474
453,2004.02.15.14.02.39,0.0787001879291156,0.3987174692024569,0.0080374585691185,Normal,1009.0,4108.932379943045,0.012376972474949116,1009.0,0.03587009630020375,51.0,0.01077074367302174,4470.0,0.0068273465108276326,237.0,0.005414328508408903,4141.0,0.005207519019117141
454,2004.02.15.14.12.39,0.0790966471466632,0.5847783239420163,-0.0016194037574722,Normal,1009.0,4088.253431217788,0.012507841315480694,1009.0,0.04279742087115121,51.0,0.010688816991007342,237.0,0.00886084060795808,4425.0,0.005770151246883537,4309.0,0.005704903291228379
455,2004.02.15.14.22.39,0.0785228525902252,0.3972197475329144,0.0135102024487301,Normal,1009.0,4092.716645405401,0.012322690082215313,1009.0,0.03816004705283823,51.0,0.009534296010824658,475.0,0.006059159220420783,4425.0,0.005650613840520002,4732.0,0.005056943734874685
456,2004.02.15.14.32.39,0.0776578869923034,0.4890323080068861,0.0040332695110799,Normal,1009.0,4081.8280277924177,0.012050516205102741,1009.0,0.03827079127845162,51.0,0.010061264390379583,237.0,0.006944519292431329,4405.0,0.005560584978265145,4238.0,0.005334956433461201
457,2004.02.15.14.42.39,0.0773441859204887,0.4460425802924233,-0.0405825784070411,Normal,1009.0,4060.2729320854337,0.011953264983216447,1009.0,0.03337202335694943,51.0,0.012115593269969005,237.0,0.005392508900515194,4718.0,0.0051968197280935794,4497.0,0.0049143011742463
458,2004.02.15.14.52.39,0.0794866337894106,0.4256197320515729,0.025232882728315,Normal,1009.0,4118.95774080896,0.01262354659832211,1009.0,0.037066181580779796,44.0,0.010489274951967276,4474.0,0.00931700219536295,474.0,0.0058116598479531776,237.0,0.005549053044856936
459,2004.02.15.15.02.39,0.0787943463926029,0.439388905842216,-0.0081793874922193,Normal,1009.0,4092.358066433137,0.012407002604534027,1009.0,0.029976527350411106,51.0,0.010888091843730284,237.0,0.008717653448897415,4718.0,0.006221792245124841,4278.0,0.006141913044680047
460,2004.02.15.15.12.39,0.0781785172947546,0.3073003909672307,-0.015834015903187,Normal,1009.0,4072.898050101936,0.012211365497023657,1009.0,0.03665655380065579,30.0,0.010604849146110387,4706.0,0.005818742546449687,4445.0,0.005591016638620728,4171.0,0.004871979474721902
461,2004.02.15.15.22.39,0.0793448060189669,0.3604415941491075,-0.0020864522368388,Normal,1010.0,4084.6687256816504,0.012584164678539091,1010.0,0.027400082175692442,237.0,0.01083246392769113,51.0,0.009856160341569317,474.0,0.00670898307204193,4733.0,0.005619785159977275
462,2004.02.15.15.32.39,0.0779101486313922,0.3972290693037701,0.0012117436137166,Normal,1009.0,4114.922339096997,0.012133456358853685,1009.0,0.042981174182478495,51.0,0.010760635073827837,4468.0,0.008037957215418699,4677.0,0.004369909259637854,4570.0,0.0040229741222897195
463,2004.02.15.15.42.39,0.0774122518615835,0.4460789635914914,0.0253152737685434,Normal,1009.0,4113.959100857974,0.011976847583631321,1009.0,0.040651012232481236,51.0,0.010026429864755765,4487.0,0.005716890706095311,4709.0,0.005265915380795601,4384.0,0.005182166451305428
464,2004.02.15.15.52.39,0.077176067599718,0.280075909188402,0.0077931261524684,Normal,1009.0,4110.583747625695,0.011902565139670609,1009.0,0.04298665654121464,51.0,0.009873053260590878,4490.0,0.006595027964799133,4196.0,0.0050327360271368434,4650.0,0.004937001781371945
465,2004.02.15.16.02.39,0.0761360826164038,0.4173530396895368,-0.0009021435715211,Normal,1009.0,4091.1183523533837,0.011583220444376345,1009.0,0.031820504609892934,51.0,0.009902740789997616,4438.0,0.005202726582640929,4738.0,0.004908760294080646,3305.0,0.004882813683953439
466,2004.02.15.16.12.39,0.0773241989178113,0.3020741693814583,0.0186178292398655,Normal,1009.0,4114.0866429784455,0.011945885080477562,1009.0,0.03172278273351499,237.0,0.011748364904076335,51.0,0.011420802688089184,4488.0,0.0052352286392759306,4323.0,0.00499507273288519
467,2004.02.15.16.22.39,0.0766385728573371,0.373996402556179,0.0098180498053007,Normal,1009.0,4113.959992575098,0.011735954163149598,1009.0,0.03888363821184918,51.0,0.009783838502793947,4717.0,0.006012576561554982,4380.0,0.005871400880357377,4488.0,0.005684995916519117
468,2004.02.15.16.32.39,0.0780655642663187,0.3386926978437445,0.0612995651324943,Normal,1009.0,4137.577668496828,0.01217906285666345,1009.0,0.04330604189936544,51.0,0.010985812542236156,4490.0,0.0064461756670769615,4660.0,0.005170019785951107,4381.0,0.005060658034139834
469,2004.02.15.16.42.39,0.0757887228918532,0.4080605046318513,0.0204651963631394,Normal,1009.0,4105.8838298337205,0.011479434729851825,1009.0,0.03926466292595266,51.0,0.010370681860433072,237.0,0.006153612706339569,4966.0,0.005360483747831987,4385.0,0.0049381307564149175
470,2004.02.15.16.52.39,0.0769343470109417,0.468162355143447,0.0007117606449284,Normal,1009.0,4101.260173548036,0.011827999030761045,1009.0,0.04039488350161022,51.0,0.011071435154655869,237.0,0.01095353813210364,4477.0,0.0056256032215967,4724.0,0.005351750854966602
471,2004.02.15.17.02.39,0.0773290468979194,0.4112921301260366,0.0043274808644294,Normal,1009.0,4112.169152861967,0.011952565121483766,1009.0,0.03623203448930012,51.0,0.010568636151133712,474.0,0.006940470852090944,237.0,0.006275378185622578,4279.0,0.004734814238032604
472,2004.02.15.17.12.39,0.0784346995889534,0.3733421371332839,-0.0166315034434179,Normal,1009.0,4125.556234166162,0.012295145847146794,1009.0,0.04124321517322784,51.0,0.009360056447471619,4384.0,0.006329867243272582,475.0,0.005913692497745473,237.0,0.005568840446615777
473,2004.02.15.17.22.39,0.0757222050903828,0.2559677197295893,0.0058569940304512,Normal,1009.0,4101.99945383975,0.011459259843715711,1009.0,0.03597067533051023,51.0,0.009984138702139392,4471.0,0.005763378460964348,4715.0,0.0056691363805223445,237.0,0.0053590990000447584
474,2004.02.15.17.32.39,0.0784842490169206,0.3059077768184104,-0.0083886472505053,Normal,1009.0,4133.644972189127,0.012312804880473103,1009.0,0.04390056047235906,51.0,0.010937634449183845,474.0,0.005150509340648091,3571.0,0.005118794765719536,4396.0,0.004852203724099945
475,2004.02.15.17.42.39,0.0776968901454958,0.3221271672472343,-0.0218968923393283,Normal,1009.0,4104.163670171293,0.012059467408900716,1009.0,0.03961677806856383,51.0,0.01048664216050136,237.0,0.008799681034489047,474.0,0.006123559695069615,4380.0,0.005620524112939285
476,2004.02.15.17.52.39,0.0768473527520629,0.3543989446650708,0.0040523473839944,Normal,1009.0,4097.80748149217,0.011800621917238253,1009.0,0.03278621230637085,51.0,0.009641854633795719,4714.0,0.0061612682380419136,4371.0,0.0058470704864937795,237.0,0.005636764772810307
477,2004.02.15.18.02.39,0.0774939718547715,0.3096160191130583,0.0505269953114314,Normal,1009.0,4113.2030338351415,0.012001728395287722,1009.0,0.04002682003714145,51.0,0.011693856786307405,4397.0,0.005547616346171421,504.0,0.005064740018161137,4715.0,0.004942566018024328
478,2004.02.15.18.12.39,0.0768944284392569,0.3490666820212755,0.0202381067593458,Normal,1009.0,4119.040767873928,0.011817822138558289,1009.0,0.04027279635960465,51.0,0.010288505921929036,475.0,0.006367386311769258,4370.0,0.006321553729821024,4137.0,0.005421286416611076
479,2004.02.15.18.22.39,0.0775613517239739,0.4112223149714027,0.0640038274162619,Normal,1009.0,4112.273585692329,0.01202175875548261,1009.0,0.04242250982735507,51.0,0.009763385683329056,237.0,0.008552441749164037,4450.0,0.006471183721499943,475.0,0.004653273591209749
480,2004.02.15.18.32.39,0.0757864766238839,0.4064597916663981,0.028846636435,Normal,1009.0,4120.278200109263,0.011478808954530278,1009.0,0.03740779473473258,51.0,0.010532629634261919,4401.0,0.006527381753472192,4656.0,0.005419163161181925,3607.0,0.004480933130096459
481,2004.02.15.18.42.39,0.0766646143011069,0.3700231720140432,-0.0394714446635074,Normal,1009.0,4131.948841498467,0.011743025583946964,1009.0,0.043182202466717966,51.0,0.009788791371644748,4473.0,0.005963915623243704,3627.0,0.005368963415970822,237.0,0.0048065566338887904
482,2004.02.15.18.52.39,0.0768109412982616,0.532578800373201,0.0185919519710781,Normal,1009.0,4116.831663018249,0.011789246714796552,1009.0,0.04067606824133081,51.0,0.01058830979494834,237.0,0.0075938996422714655,4723.0,0.0065069555636078,474.0,0.005764626915435937
483,2004.02.15.19.02.39,0.0754886254236979,0.4047138169573614,-0.0252278264580984,Normal,1009.0,4101.044831476902,0.011385333535015661,1009.0,0.042168489769434055,51.0,0.009794732826915026,475.0,0.006158885091622711,4392.0,0.005388699730751743,4660.0,0.004490002235205307
484,2004.02.15.19.12.39,0.0767260415323164,0.3695643133022122,0.0198736017697435,Normal,1009.0,4116.381186907864,0.011766496529933682,1009.0,0.04031644603338175,51.0,0.01048409238383547,4730.0,0.006373233728293938,474.0,0.005868129647680846,4425.0,0.005370172024980884
485,2004.02.15.19.22.39,0.0765926158881765,0.4330988391266683,-0.0088045019554171,Normal,1009.0,4099.5680591203945,0.011725969431401457,1009.0,0.04178453478102212,51.0,0.010207121030451252,237.0,0.008549575795540066,4435.0,0.005951339164002485,4221.0,0.005515474370159994
486,2004.02.15.19.32.39,0.0761245009733233,0.2680942154490044,-0.0084212123295015,Normal,1009.0,4089.284244538103,0.011580048898254511,1009.0,0.03693798706011938,51.0,0.010694896667173956,4136.0,0.005021647282334811,4477.0,0.004945923492585665,4732.0,0.004705618911447763
487,2004.02.15.19.42.39,0.0758757143191252,0.3259681516945001,0.0036747950322403,Normal,1009.0,4129.60770721006,0.011502639533072866,1009.0,0.042518414763529994,51.0,0.010662655984830504,4478.0,0.005135248560750856,4738.0,0.005077174964969181,475.0,0.004893033418297736
488,2004.02.15.19.52.39,0.0786670821529127,0.4937747918699093,0.0054440430764863,Normal,1009.0,4090.3361206101827,0.012365557939569616,1009.0,0.03802995635771532,51.0,0.011276063668270473,4422.0,0.005894634720259326,474.0,0.005457582759659338,4259.0,0.0046216446847710665
489,2004.02.15.20.02.39,0.074889423042201,0.2925770801537832,0.0095403037064304,Normal,1009.0,4103.827289302431,0.011205059700354751,1009.0,0.04058723263562264,51.0,0.009900464906117748,4730.0,0.006979468515677017,474.0,0.006697088807027685,4389.0,0.005234301930701504
490,2004.02.15.20.12.39,0.0755108432688436,0.4815318552370473,-0.0024494770840002,Normal,1009.0,4098.379682953323,0.01139421117129064,1009.0,0.04013128933066442,44.0,0.00969687111576732,474.0,0.006263259985776959,4716.0,0.0053966974855603825,4385.0,0.004837898329554699
491,2004.02.15.20.22.39,0.0774656517255591,0.4419314838847854,0.0295465906557535,Normal,1009.0,4119.860722725757,0.011997102331440962,1009.0,0.036621081736226344,51.0,0.010315865022136014,474.0,0.006776369088348874,4474.0,0.005943773748941977,4279.0,0.005070002124661845
492,2004.02.15.20.32.39,0.0778799767044416,0.521811344975156,0.0180041486260032,Normal,1009.0,4100.497719842226,0.012119818189541678,1009.0,0.03745613902992107,51.0,0.009461817100978263,4387.0,0.005953924865660935,4715.0,0.005138469820302171,474.0,0.0051042033169402595
493,2004.02.15.20.42.39,0.0781225296484431,0.4536244074601785,0.0417070544600161,Normal,1009.0,4144.721386161891,0.01219637763065909,1009.0,0.04334293479502566,51.0,0.009491507375250311,4378.0,0.005480215977737795,4495.0,0.0052072779584568605,4220.0,0.004816860863651314
494,2004.02.15.20.52.39,0.0761140771104465,0.4236777373486098,0.0430331988739695,Normal,1009.0,4093.89031001497,0.011573636522991855,1009.0,0.03325513696329533,44.0,0.009624903432242362,4384.0,0.005138767001112772,4954.0,0.005106070890736766,475.0,0.0049258393227882774
495,2004.02.15.21.02.39,0.077470789606067,0.298302535716179,-0.0022874305278621,Normal,1009.0,4130.35153045885,0.011996241365878294,1009.0,0.042044237064473,51.0,0.010045100132395027,475.0,0.006190923321199138,4433.0,0.00570147627020543,236.0,0.004945902151041192
496,2004.02.15.21.12.39,0.0769344228542846,0.3992394228624758,0.0493117736793891,Normal,1009.0,4105.26598306586,0.011825776159177204,1009.0,0.04089764918472002,51.0,0.010181714032269352,237.0,0.010032972166197363,474.0,0.006384535912819587,4491.0,0.004984585444191973
497,2004.02.15.21.22.39,0.0784510378008554,0.4222141332981781,0.0337201055124803,Normal,1009.0,4094.4080661123603,0.012296936819146308,1009.0,0.04066148162945164,51.0,0.010277263045791839,474.0,0.006126934903534699,4388.0,0.005367914693641432,237.0,0.005015529739283473
498,2004.02.15.21.32.39,0.0771259835203699,0.4764364473694424,0.0311903572302991,Normal,1009.0,4142.191299042454,0.011884147323071973,1009.0,0.04092131723753839,51.0,0.010299962100218826,474.0,0.006095096764581608,237.0,0.005150294333926667,3568.0,0.005105874868741328
499,2004.02.15.21.42.39,0.0766491610944593,0.3649387130597059,-0.0098997194077076,Normal,1009.0,4115.55097526049,0.011739952109793547,1009.0,0.03900266241926347,44.0,0.010222777081007939,237.0,0.00908539188765192,4384.0,0.005189461734803315,475.0,0.0047598284153073794
500,2004.02.15.21.52.39,0.0760971505272002,0.4046983336170258,0.0553139665602651,Normal,1009.0,4120.408748463737,0.011573310724319505,1009.0,0.0387018287579598,51.0,0.009952427704079688,4432.0,0.00515813193488524,4150.0,0.004679162477860638,4717.0,0.0046048702161648695
501,2004.02.15.22.02.39,0.077469989779309,0.4164259373181851,-0.0202522648843478,Normal,1009.0,4137.713227745422,0.011995917255272631,1009.0,0.04240820329681762,51.0,0.010745423639867305,4365.0,0.005034228226869833,4493.0,0.004783282736245679,1924.0,0.004782833099158897
502,2004.02.15.22.12.39,0.0780051727927185,0.5485896012354474,0.0073113643910028,Normal,1009.0,4104.171762619839,0.012159954660978623,1009.0,0.035225754415304955,51.0,0.010398438342788849,237.0,0.005703846720702816,349.0,0.005055177139557552,4419.0,0.004951960600028369
503,2004.02.15.22.22.39,0.0776365301294878,0.3779436618099709,-0.0433338184921486,Normal,1009.0,4104.98736297837,0.012047533387843408,1009.0,0.04080849553094733,30.0,0.010072031598064952,237.0,0.009105179217696005,4418.0,0.006045632277280791,475.0,0.005121664028220995
504,2004.02.15.22.32.39,0.0791884014846082,0.3224069468935795,-0.0016817936246373,Normal,1009.0,4108.453784032724,0.012531701725881967,1009.0,0.039987730425538576,51.0,0.010126822012409971,4401.0,0.006976691198382879,4717.0,0.006564220815439266,237.0,0.0062993871940353946
505,2004.02.15.22.42.39,0.0775485303571052,0.2677201212044107,-0.0194342281800038,Normal,1009.0,4098.790085307951,0.012018065644798645,1009.0,0.036296009015202864,51.0,0.010480025973078422,4428.0,0.005673263360648767,237.0,0.005642279368948948,4635.0,0.004739855297162986
506,2004.02.15.22.52.39,0.0785604287589933,0.3885134945276123,0.016657463161549,Normal,1010.0,4108.333058793429,0.012331175982705415,1010.0,0.02851145630922184,30.0,0.009467473493870952,4478.0,0.007275908362537553,475.0,0.0066142913998189015,4718.0,0.00482684987944457
507,2004.02.15.23.02.39,0.0789819683115037,0.4070034550620174,-0.0553092939922107,Normal,1009.0,4104.114565390047,0.012466026867890797,1009.0,0.0394390645196468,51.0,0.010475129154857333,237.0,0.007698749937410227,475.0,0.005573178140261732,4732.0,0.005553614433213294
508,2004.02.15.23.12.39,0.0790762796786274,0.3474743632273807,-0.0552374714627741,Normal,1009.0,4103.2322412792555,0.012498222896457883,1009.0,0.03972242198525599,44.0,0.009799391799356582,237.0,0.009705422310256479,474.0,0.006569063468452927,4481.0,0.005485138562241931
509,2004.02.15.23.22.39,0.0782204772831657,0.545918411380272,0.0275305494241848,Normal,1009.0,4106.209644289809,0.012227247105227447,1009.0,0.042444290329926214,51.0,0.010490367879331544,4491.0,0.0070344197050953355,474.0,0.006329750604121116,4731.0,0.005385769825851239
510,2004.02.15.23.32.39,0.0778155094799552,0.4326999130832227,-0.0165032851466349,Normal,1009.0,4123.170276000647,0.012106952411698674,1009.0,0.04129971040320751,51.0,0.01067376115986106,1925.0,0.005686429267202362,4426.0,0.0053461490364484785,4738.0,0.005035291091428697
511,2004.02.15.23.42.39,0.077529087283419,0.3029990008129091,-0.0021083022448274,Normal,1009.0,4104.586512181012,0.012008226584442045,1009.0,0.04132796930200553,51.0,0.01002697814838794,237.0,0.008465594681022044,4555.0,0.005574920652768981,4431.0,0.005553223262077727
512,2004.02.15.23.52.39,0.0815354463034712,0.5666889213621578,0.009621055882152,Normal,1009.0,4119.59414982262,0.013288506102953287,1009.0,0.041304458880449896,237.0,0.011891911237005002,51.0,0.009975423199948591,4495.0,0.0070707596232889155,474.0,0.006577599451013636
513,2004.02.16.00.02.39,0.0768017816972692,0.3561730038030797,-0.0038746256224301,Normal,1009.0,4098.982417945411,0.011789678023200313,1009.0,0.03758002552777417,30.0,0.009919058591027726,4706.0,0.005725457205237733,237.0,0.005596722233905371,4488.0,0.0052611632103053
514,2004.02.16.00.12.39,0.0783148727069729,0.3889919623720543,0.015403101465941,Normal,1009.0,4101.331438885099,0.012254933583906509,1009.0,0.04305347140955512,51.0,0.009789103237401932,237.0,0.008614946928117288,4384.0,0.006125448885626147,3606.0,0.005178284352174961
515,2004.02.16.00.22.39,0.0771429701385477,0.3527962049313577,0.0114362841711822,Normal,1009.0,4107.312855609131,0.011894238155232974,1009.0,0.03483015791232227,51.0,0.01099776402215975,237.0,0.0059444109616301685,4421.0,0.005926636968583409,474.0,0.005261963776225163
516,2004.02.16.00.32.39,0.078354563037695,0.4422175697993737,0.0207842397697551,Normal,1009.0,4113.606492599029,0.012265273474509517,1009.0,0.040221741535709093,51.0,0.00996729900319373,4457.0,0.006018374637910875,4715.0,0.005872905154515822,504.0,0.004526140721873975
517,2004.02.16.00.42.39,0.0774210869662216,0.2839152361904959,-0.0303327397514007,Normal,1009.0,4121.224734871555,0.011975032732498924,1009.0,0.040101138974903236,51.0,0.01094674221571069,4202.0,0.005768047620194713,4448.0,0.005620324914198218,4634.0,0.004927243909093068
518,2004.02.16.00.52.39,0.0755716893063095,0.3718072446196725,0.0268652350373427,Normal,1009.0,4101.565853231525,0.011412280881658236,1009.0,0.043137844727783176,237.0,0.011489857385768052,44.0,0.009969055379159767,4479.0,0.0054577736429222284,4716.0,0.0044352848791641844
519,2004.02.16.01.02.39,0.0778829512894991,0.3312873267996865,0.0172145170825132,Normal,1009.0,4139.247237708479,0.01212743601066963,1009.0,0.04046107971468652,51.0,0.011067861525039234,474.0,0.0057114776108963435,4394.0,0.005542968356938856,4696.0,0.004849871165175647
520,2004.02.16.01.12.39,0.0790382315149803,0.4731143985341131,-0.0568547050940824,Normal,1009.0,4145.057779552286,0.01248545283918297,1009.0,0.041849306759993876,51.0,0.009796028539952926,4403.0,0.006680477958826112,237.0,0.006646078995031378,474.0,0.005480667788417701
521,2004.02.16.01.22.39,0.0765024356229917,0.4433637639149004,0.0263791850457102,Normal,1009.0,4094.5530019647485,0.011697796492385127,1009.0,0.03831290798599915,51.0,0.010810476005026767,237.0,0.006208775036356082,4730.0,0.005479146788340576,4494.0,0.005201764393631081
522,2004.02.16.01.32.39,0.0782206224181601,0.3201974871061321,0.0160400209443636,Normal,1009.0,4138.195156747452,0.012223673821830329,1009.0,0.03910600811363102,51.0,0.010474987921070643,4455.0,0.0066762592388807905,4353.0,0.0056267664376992675,474.0,0.005191680127404823
523,2004.02.16.01.42.39,0.0796214999353386,0.3700720103720125,0.0147198336128939,Normal,1009.0,4086.8182538470764,0.012667057016027229,1009.0,0.039635241849903,51.0,0.010480204467776129,237.0,0.008339918104522429,4469.0,0.0060544739680847455,4731.0,0.004959354988068013
524,2004.02.16.01.52.39,0.079556542822444,0.3755785190178629,0.0029202617775344,Normal,1009.0,4126.671194943516,0.012647880283662923,1009.0,0.04297228416085847,51.0,0.01040407960309802,4490.0,0.0070436706632142606,237.0,0.006028447935844136,4704.0,0.005652655635060388
525,2004.02.16.02.02.39,0.080108293097824,0.5260048179163537,0.0215290841587302,Normal,1009.0,4110.142982306141,0.012829100044201756,1009.0,0.03980270531780714,51.0,0.010423634790540114,474.0,0.007746309689102538,4490.0,0.007085821621459972,237.0,0.006454565911976439
526,2004.02.16.02.12.39,0.0779008004888067,0.3387606415850897,0.0079225965345032,Normal,1009.0,4121.946792104292,0.01212812595927136,1009.0,0.04040241122373258,51.0,0.009725535310028087,474.0,0.006694275722393748,237.0,0.005685352886229289,4717.0,0.005669004133917719
527,2004.02.16.02.22.39,0.0784835201775068,0.2777135623768947,0.0086236259095615,Normal,1009.0,4117.305628042665,0.012312169981759397,1009.0,0.04003309414711868,51.0,0.010195969290520315,4476.0,0.006744625359651347,4664.0,0.005697083124858316,237.0,0.005312357055343456
528,2004.02.16.02.32.39,0.0781613696593864,0.3701884936016033,0.0321801343480674,Normal,1009.0,4142.173137948678,0.012210695133074148,1009.0,0.04277049641469796,51.0,0.00988032996130024,474.0,0.006635746869203443,4469.0,0.0065845186146075005,4313.0,0.0054679440958805454
529,2004.02.16.02.42.39,0.0778284258300751,0.458982255928821,0.0088313412485238,Normal,1009.0,4118.477960481966,0.012105895306941485,1009.0,0.03964037630695994,51.0,0.010049242694741183,474.0,0.0069285091871301874,237.0,0.006408955841590471,4423.0,0.006083556966200301
530,2004.02.16.02.52.39,0.0794639695770196,0.330437393168955,0.0443539342750777,Normal,1009.0,4116.7059436841255,0.012616786734608823,1009.0,0.03869631178466408,44.0,0.010769640712652696,474.0,0.0073974796852412,4718.0,0.005559467171989116,4428.0,0.00537724654837357
531,2004.02.16.03.02.39,0.0771197871642915,0.3937705929486976,0.0047849747143423,Normal,1009.0,4117.339800501201,0.011887204291507377,1009.0,0.03940778506701784,44.0,0.009976451013324339,4475.0,0.00693187233948318,475.0,0.0050069169864764285,4368.0,0.004818856616510351
532,2004.02.16.03.12.39,0.0822651115843428,0.5003740741636844,-0.0072230627825329,Normal,1009.0,4126.441961820505,0.013526412008043538,1009.0,0.043114304431502506,51.0,0.010175650881802997,4468.0,0.00962151212506628,237.0,0.00766117251189007,4726.0,0.007370239969873556
533,2004.02.16.03.22.39,0.0843258899323963,0.4508448020711775,-0.0291066291904656,Normal,1009.0,4134.259269110928,0.014209976864684153,1009.0,0.040706550561140795,4476.0,0.011909156467121984,51.0,0.0099686808312738,237.0,0.009706892375531998,4712.0,0.009568686534692908
534,2004.02.16.03.32.39,0.0842800498732685,0.3783765120451265,-0.009241176562636,Normal,1009.0,4122.489759717064,0.014199387320831397,1009.0,0.03970797390965038,30.0,0.011253000067329974,4489.0,0.01043488587687319,4703.0,0.009816604748228283,4961.0,0.007200100645229231
535,2004.02.16.03.42.39,0.0830985081728118,0.2911308678170452,-0.0267986066400156,Normal,1009.0,4146.784870034223,0.013803821067547808,1009.0,0.04137359962228551,51.0,0.01112197336316337,4490.0,0.009402188032985207,4726.0,0.007858565027633,474.0,0.005830281400326118
536,2004.02.16.03.52.39,0.0826680884126207,0.2089792134326837,-0.0180923574542085,Normal,1009.0,4124.82119956753,0.0136600049008282,1009.0,0.04242385687082356,4490.0,0.011770686579838104,51.0,0.010503832276273143,4726.0,0.008297010903158562,237.0,0.008256871469924846
537,2004.02.16.04.02.39,0.0842712487113784,0.3980557698648219,0.0139954058883545,Normal,1009.0,4112.416603860602,0.014194189791618017,1009.0,0.035541968397110324,4706.0,0.011274014190019915,4477.0,0.010421305163635111,51.0,0.01040017379873406,3297.0,0.007417284886841411
538,2004.02.16.04.12.39,0.085987231916921,0.4703129065721358,0.0146745085071717,Normal,1009.0,4123.401876576759,0.014774309263464808,1009.0,0.04087110093219981,237.0,0.011973782351014373,4490.0,0.011296014987843826,4704.0,0.01047169265255647,51.0,0.010425194200862735
539,2004.02.16.04.22.39,0.0844428803915885,0.4865130026451254,0.0122738967289585,Normal,1009.0,4163.821243082687,0.014251117477601341,1009.0,0.04122432232891498,4476.0,0.012820506672373345,51.0,0.010429631281938457,4727.0,0.009203487739008176,4240.0,0.006699895125055333
540,2004.02.16.04.32.39,0.0826825590218774,0.2659585589330397,-0.031749594054361,Normal,1009.0,4124.885789185097,0.01366680030954516,1009.0,0.039398810978256676,4491.0,0.014747163475542719,4727.0,0.011663943273332067,51.0,0.009780199859037948,4941.0,0.007766392773542275
541,2004.02.16.04.42.39,0.0836379520986137,0.3818054415969727,-0.00505633396605,Normal,1009.0,4140.6446670127225,0.01398356687363917,1009.0,0.041772791415036634,4475.0,0.013002724041076469,51.0,0.009997140763130796,4711.0,0.00867462180130223,4239.0,0.008183599612099506
542,2004.02.16.04.52.39,0.0838157123265829,0.3876737074060976,-0.0118999774465757,Normal,1009.0,4145.092506178266,0.014037531971648488,1009.0,0.03367276835723148,4492.0,0.015063500384918061,4728.0,0.011047718096107582,44.0,0.009267489224202438,237.0,0.00885795632163032
543,2004.02.16.05.02.39,0.085516552274344,0.3946015078150089,0.0142667128764005,Normal,1009.0,4131.939560750122,0.014614689547340597,1009.0,0.03966416080791385,4491.0,0.013553231288958318,4727.0,0.013492530609839945,4941.0,0.010049411856760952,51.0,0.009314498504211384
544,2004.02.16.05.12.39,0.0843012006536124,0.3658697395741912,-0.008100766957841,Normal,1009.0,4126.384102958434,0.014205487544359074,1009.0,0.0410121065104245,4712.0,0.01173065767252429,4476.0,0.011257575470867037,51.0,0.01039476461292718,237.0,0.0064444610353679745
545,2004.02.16.05.22.39,0.0869788568170628,0.4364173780138687,0.0329537787145547,Normal,1009.0,4126.278496506951,0.015121389443927484,1009.0,0.03315982619246062,4489.0,0.014056900914803272,4710.0,0.010982588481164679,51.0,0.009999583069776389,474.0,0.008321906323485373
546,2004.02.16.05.32.39,0.0847858305411162,0.4287637975372536,0.01107461146963,Normal,1009.0,4143.837186337768,0.01435988792374999,1009.0,0.038747209373824795,4490.0,0.014096504857178078,4711.0,0.013568321095676072,44.0,0.00928986886474123,4018.0,0.006431337064052411
547,2004.02.16.05.42.39,0.085168471600044,0.3289489991173608,-0.0163480598100845,Normal,1009.0,4128.725066413647,0.01449813394411951,1009.0,0.033884188476860505,4467.0,0.013276223432816132,4703.0,0.012867083887288492,51.0,0.010343494954798879,4253.0,0.00825634963515113
548,2004.02.16.05.52.39,0.0869916991033663,0.4340085155916307,-0.0278157613348429,Normal,1009.0,4124.279130508948,0.015128021837696001,1009.0,0.03895305762989728,4711.0,0.012436933297536805,4475.0,0.011823197497745061,51.0,0.010722449801575946,4003.0,0.007269446409729211
549,2004.02.16.06.02.39,0.0869552866420437,0.3166941879681912,-0.0374509014001116,Normal,1009.0,4108.629789542968,0.015109268249354163,1009.0,0.03777168320219783,4492.0,0.01424930699978979,4713.0,0.012746221171496097,51.0,0.010853570628729584,237.0,0.00878351363302792
550,2004.02.16.06.12.39,0.0879008016330589,0.430147194240349,-0.0228197227910908,Normal,1009.0,4129.279318777319,0.01543971559199788,1009.0,0.0400513429789515,4476.0,0.017109170345077914,4727.0,0.010864331867198943,51.0,0.010608800261571436,4948.0,0.008431601761826281
551,2004.02.16.06.22.39,0.0856503224417456,0.4363586459691815,-0.0301152425548446,Normal,1009.0,4123.433077814673,0.014658491191915346,1009.0,0.042552572052491563,4475.0,0.013734369491037235,51.0,0.01059219463771608,4703.0,0.00993869053149228,4939.0,0.007039245372724179
552,2004.02.16.06.32.39,0.0854463807564428,0.4780069177953763,-0.0056728677582763,Normal,1009.0,4123.015741446052,0.014589876563854125,1009.0,0.041248910521465565,4491.0,0.013789356361171618,4727.0,0.011734191620380996,51.0,0.010212245056686243,4948.0,0.009359839930180842
553,2004.02.16.06.42.39,0.0866130115486769,0.4862233238389191,0.0216927942786752,Normal,1009.0,4131.30703166992,0.014996723430108936,1009.0,0.03867559248181086,4475.0,0.013154163741925247,4725.0,0.011103219524135911,51.0,0.010587006772485957,4961.0,0.008457859782537694
554,2004.02.16.06.52.39,0.0876043562968617,0.4443845022745201,0.0274501950126262,Normal,1009.0,4141.567249500051,0.015340812026397478,1009.0,0.04029744707673647,4476.0,0.01730028186593729,4712.0,0.012468668062603954,44.0,0.010218226982664487,237.0,0.009395782096409263
555,2004.02.16.07.02.39,0.0881995775415938,0.4654821554251858,-0.0038688788324679,Normal,1009.0,4158.012585619422,0.015548399420306551,1009.0,0.04387805036526665,4490.0,0.015737449400330145,4704.0,0.012482707631525116,51.0,0.010552523538020777,4254.0,0.009136479634790782
556,2004.02.16.07.12.39,0.086053892202975,0.4927349634179672,-0.0196511569546131,Normal,1009.0,4143.428388517178,0.014805176921594426,1009.0,0.04149868166201345,4476.0,0.013482808150178938,4712.0,0.013407500130450823,51.0,0.010359393443886927,4940.0,0.007375279818382862
557,2004.02.16.07.22.39,0.0891782641284789,0.4000941939036653,0.0276767460325026,Normal,1009.0,4169.910295581675,0.015894462740499,1009.0,0.04332981637262935,4476.0,0.015295397206503195,4727.0,0.014087769059071538,51.0,0.010113433786242642,4963.0,0.007937269214358354
558,2004.02.16.07.32.39,0.085617116425397,0.4048794403025244,0.0063726409252904,Normal,1009.0,4142.980577972331,0.014651120236874229,1009.0,0.03735988923387723,4491.0,0.012599723098704716,4727.0,0.011977140266141424,51.0,0.01007448238785686,4941.0,0.00897493701879033
559,2004.02.16.07.42.39,0.0882736573062357,0.3659394532713698,-0.0422673919097439,Normal,1009.0,4134.490160620405,0.015574009814773708,1009.0,0.04101845542927188,4469.0,0.0162530716634318,4727.0,0.012509000305085106,4255.0,0.010252940824356307,51.0,0.010098612226253995
560,2004.02.16.07.52.39,0.08883351291927,0.3770945051934542,0.0109862310355846,Normal,1009.0,4137.674678073405,0.01577243989234369,1009.0,0.03998646277853341,4491.0,0.017110634450044973,4727.0,0.014930976523301297,51.0,0.010076837349899915,4255.0,0.008908629299089787
561,2004.02.16.08.02.39,0.0873053773043218,0.3762033638036501,0.0031887419764519,Normal,1009.0,4106.778411161403,0.015236907420884844,1009.0,0.03092228645107602,4474.0,0.0138480590801397,4710.0,0.010001908834348035,4253.0,0.009751794751185802,30.0,0.009650798445230913
562,2004.02.16.08.12.39,0.0874788557041785,0.4396049452472912,-0.0223308701388483,Normal,1009.0,4140.22223186594,0.01529602366345008,1009.0,0.03862415238037571,4475.0,0.016665551546115303,51.0,0.010877063655647569,4711.0,0.010774048177016831,4947.0,0.009412093800732787
563,2004.02.16.08.22.39,0.0889170756260608,0.4402469914533116,-0.0121892033267417,Normal,1009.0,4147.269686630617,0.015801588211739066,1009.0,0.04189687700548647,4491.0,0.019739312099952264,4727.0,0.017775027843523566,4963.0,0.010747616418509735,30.0,0.010137415707027628
564,2004.02.16.08.32.39,0.0860653353177652,0.3213036143632086,-0.0158442784774152,Normal,1009.0,4137.969442933435,0.01480398178229434,1009.0,0.034402413607811676,4492.0,0.014504871785819065,4706.0,0.012550583838980884,51.0,0.011118876298315195,4241.0,0.008288434271874671
565,2004.02.16.08.42.39,0.0884975238001041,0.5412085936380691,-0.0196604528832924,Normal,1009.0,4145.301798003105,0.015657720750658254,1009.0,0.042173454239049835,4491.0,0.015753485766032135,4712.0,0.012810487348529326,51.0,0.010002326469710453,4948.0,0.009940856045930375
566,2004.02.16.08.52.39,0.0878493642038212,0.5760381353265771,0.0079284806464874,Normal,1009.0,4144.201049282338,0.015426411591956365,1009.0,0.041453421647751,4491.0,0.015272648617928965,4727.0,0.01287721919324119,51.0,0.011126429246603576,4963.0,0.010806435812964981
567,2004.02.16.09.02.39,0.0869263219584191,0.4667661948985651,-0.0026248680861131,Normal,1009.0,4138.617594996364,0.01510256881052507,1009.0,0.03895564279000659,4475.0,0.015296141910130146,4711.0,0.013084742953255969,51.0,0.009992587561864906,4254.0,0.00766000464300613
568,2004.02.16.09.12.39,0.0867433343530642,0.4479858328976833,-0.0392370627986541,Normal,1009.0,4137.508248180848,0.015038594995253502,1009.0,0.043110010525710896,4490.0,0.016371925422174666,4704.0,0.01143147672469438,51.0,0.010159511176294149,4254.0,0.010099589598292276
569,2004.02.16.09.22.39,0.0885362051318025,0.4423948373689219,-0.0065256364948938,Normal,1009.0,4122.25137141159,0.015667511329898905,1009.0,0.034024210158179996,4492.0,0.01877651907046194,4728.0,0.015694556930617706,51.0,0.010361674701427175,4942.0,0.009703916424030942
570,2004.02.16.09.32.39,0.088140841605832,0.4220735793980945,-0.0063733990079186,Normal,1009.0,4127.264064429664,0.015528816022646677,1009.0,0.041604824240051845,4491.0,0.016458953472560607,4705.0,0.013750211097068124,51.0,0.01022891310322469,4941.0,0.009278689989344715
571,2004.02.16.09.42.39,0.0899870048126742,0.418621701128957,0.0341720504041207,Normal,1009.0,4134.046603263406,0.016188629164235906,1009.0,0.0348355156708337,4492.0,0.020099078198878864,4728.0,0.015730693973070687,51.0,0.010928403714471199,4964.0,0.010909137331219801
572,2004.02.16.09.52.39,0.088405010595766,0.5602555996498153,0.0345327958293999,Normal,1009.0,4151.742152458098,0.015619383799571921,1009.0,0.04140991816781855,4491.0,0.01574358019919323,4727.0,0.012502089232251684,51.0,0.0102799946066641,4255.0,0.009249593923329786
573,2004.02.16.10.02.39,0.0876467900978303,0.4137279539953309,0.0219744052410287,Normal,1009.0,4116.792999162342,0.015353758523448523,1009.0,0.041973445846389006,4476.0,0.015281320092884635,4712.0,0.013869707506775906,237.0,0.011677550383375864,51.0,0.009917656100308647
574,2004.02.16.10.12.39,0.089519699571257,0.497964961574127,0.0129727355400436,Normal,1009.0,4120.681191794729,0.01601959091520016,1009.0,0.03184611460859408,4478.0,0.016075452478971165,4714.0,0.010984341457580022,51.0,0.010273812521572789,3548.0,0.008765053875657975
575,2004.02.16.10.22.39,0.0891365602162631,0.4491554236861343,-0.0040737906914897,Normal,1009.0,4150.166938363058,0.01588348829330156,1009.0,0.041069940718793656,4476.0,0.016224352636570318,4727.0,0.015842333762712987,237.0,0.012320652041980703,4948.0,0.010856375088433
576,2004.02.16.10.32.39,0.0881953323616994,0.5134914074370189,0.0240269167967461,Normal,1009.0,4158.682095757066,0.015546755445535793,1009.0,0.04335537865784362,4491.0,0.015820314626447562,4727.0,0.013685157786735716,4941.0,0.01079307775413014,51.0,0.009612180685161655
577,2004.02.16.10.42.39,0.0884566393821359,0.4848934953524821,-0.0755773088492326,Normal,1009.0,4160.022255289219,0.015640870961198466,1009.0,0.038712214974803254,4477.0,0.016476140140922416,4713.0,0.012690108660854797,51.0,0.011009860060825959,4949.0,0.00997528793672095
578,2004.02.16.10.52.39,0.090150743170207,0.6217770021628457,0.0045143365066542,Normal,1009.0,4150.668634563071,0.016245764586815793,1009.0,0.04114484101824131,4477.0,0.016368391375519518,4728.0,0.013860324562150458,44.0,0.010025979657814463,4256.0,0.008880975935602662
579,2004.02.16.11.02.39,0.0907104179884572,0.4888141347703794,-0.0222852386554766,Normal,1009.0,4135.702085725723,0.016444088802550653,1009.0,0.04106863829711418,4476.0,0.015805058596666543,4712.0,0.014418927351608296,51.0,0.01015813906283606,4240.0,0.009879354007043439
580,2004.02.16.11.12.39,0.0899144146014697,0.4496169147110769,-0.0389746566821824,Normal,1009.0,4127.534961482547,0.016155971046936165,1009.0,0.044365882343117787,4490.0,0.018756000424911778,4726.0,0.01460888145832884,44.0,0.009866640034979468,4962.0,0.009700301052629617
581,2004.02.16.11.22.39,0.0910370607804693,0.3634126158136643,-0.0096872109385714,Normal,1009.0,4116.737529655926,0.016566402765177034,1009.0,0.03121461000502994,4492.0,0.020083037162951314,4714.0,0.012585861915427727,51.0,0.010844259640696316,4256.0,0.009155211416996014
582,2004.02.16.11.32.39,0.0901133384662406,0.5452279361146344,0.0194804393965683,Normal,1009.0,4126.63894221391,0.016231531154228478,1009.0,0.03603798364960643,4492.0,0.01842372312704479,4728.0,0.013677725972636029,3533.0,0.011349142191883828,4942.0,0.010188912074528232
583,2004.02.16.11.42.39,0.0920947353718068,0.6274695337680583,-0.0099701932899015,Normal,1009.0,4146.186332313902,0.016951274802150546,1009.0,0.03929118872764145,4476.0,0.01670158710682166,4712.0,0.014375051849472707,4240.0,0.010023129980414353,51.0,0.009987544872640582
584,2004.02.16.11.52.39,0.0892083709483904,0.587115769874706,0.0024768064190975,Normal,1009.0,4144.457494436929,0.015910188871062318,1009.0,0.041981142564159496,4491.0,0.01783374970895021,4705.0,0.014025406864298451,4255.0,0.011831809828213056,51.0,0.01026788962678199
585,2004.02.16.12.02.39,0.0897288613250357,0.51467069938347,0.0176094339476761,Normal,1009.0,4134.706550561408,0.016091904925220165,1009.0,0.040081958922982074,4491.0,0.017953453520206414,4727.0,0.015371034765465372,44.0,0.010344555780788094,4963.0,0.01002372797280749
586,2004.02.16.12.12.39,0.0910938933853931,0.4595174609832519,-0.0287104278635637,Normal,1009.0,4128.855555769525,0.016588646380042944,1009.0,0.04052717391829233,4477.0,0.01795800064796662,4706.0,0.01321963054339302,51.0,0.010154145309098526,4241.0,0.00959319391776996
587,2004.02.16.12.22.39,0.0918239707351109,0.5832556522576771,-0.030483543192631,Normal,1009.0,4122.554756843143,0.016853671120627703,1009.0,0.03546080033587385,4477.0,0.018664711966622536,4713.0,0.014097153645727452,51.0,0.01011081824648559,4949.0,0.010055633825726927
588,2004.02.16.12.32.39,0.0898158391428677,0.5313526949232945,-0.0042655796705438,Normal,1009.0,4147.282861164118,0.01612455304194908,1009.0,0.032198083064785214,4706.0,0.016021137592885502,4477.0,0.01505047764925436,4256.0,0.010728563204110659,4964.0,0.009739007709774768
589,2004.02.16.12.42.39,0.0912369925981746,0.4307299921087786,-0.0505288941318044,Normal,1009.0,4124.425031440798,0.01662976961998509,1009.0,0.038681080809241396,4491.0,0.01919794344864177,4727.0,0.016362340176712696,51.0,0.010483241379155623,4963.0,0.01014320969108161
590,2004.02.16.12.52.39,0.090868854030479,0.543120842220695,-0.0308883782327135,Normal,1009.0,4135.809091524447,0.01650444213993217,1009.0,0.035568198125652685,4492.0,0.02004583640469125,4728.0,0.016780224992953462,4256.0,0.011642542425483508,51.0,0.009530108283729277
591,2004.02.16.13.02.39,0.0896244331288732,0.5000568354441408,-0.0324185736536843,Normal,1009.0,4149.059216721376,0.016056373087561346,1009.0,0.03818694905866008,4475.0,0.017108660023751925,4711.0,0.015692424140521365,4239.0,0.010866998267518553,51.0,0.010451239792820356
592,2004.02.16.13.12.39,0.0898240453935324,0.4430800475937619,0.0086800038845264,Normal,1009.0,4132.619820436415,0.01612746836382495,1009.0,0.0432420863544458,4490.0,0.015264837469993478,4704.0,0.015126479798342486,30.0,0.010225394704935827,4940.0,0.009350707304316929
593,2004.02.16.13.22.39,0.0914061765491157,0.5828125625920308,0.0050425258413498,Normal,1009.0,4123.10931701449,0.01670441562538305,1009.0,0.03986619532546423,4491.0,0.01963548053313723,4727.0,0.016661174049422738,51.0,0.011472475702690468,4963.0,0.011126228661741774
594,2004.02.16.13.32.39,0.0919585345159028,0.4359665616194084,-0.0550274765757906,Normal,1009.0,4148.218119192015,0.016902131462636596,1009.0,0.040931900351579564,4477.0,0.017131460232338084,4713.0,0.013698215354839772,51.0,0.011880472671114518,4256.0,0.009801780540221558
595,2004.02.16.13.42.39,0.090398736671465,0.4791268254750722,-0.0089942141562706,Normal,1010.0,4121.029000591517,0.0163370481280568,1010.0,0.027686998897228216,4493.0,0.019070915547546797,4714.0,0.012995218316838048,51.0,0.009928556454673637,4242.0,0.009677011491910397
596,2004.02.16.13.52.39,0.0916185520625121,0.4773219216195352,-0.0359566767705576,Normal,1010.0,4104.002161882077,0.01677867969596492,1010.0,0.03101856294649178,4493.0,0.01761221418770501,4714.0,0.014450299943704198,51.0,0.00992952259570932,3534.0,0.0096829739898313
597,2004.02.16.14.02.39,0.0914430564250745,0.5755229887249769,0.0180242989336387,Normal,1009.0,4145.3418605861525,0.01671755790553658,1009.0,0.042328623664597796,4491.0,0.017593633333371748,4712.0,0.017185829078220995,4963.0,0.010239501324429889,4255.0,0.0102156898914247
598,2004.02.16.14.12.39,0.0903838510318284,0.385410349683454,0.0111948147832529,Normal,1009.0,4131.377368824262,0.016327241811467882,1009.0,0.038222758173829245,4477.0,0.01584597400141879,4706.0,0.011851720671566405,237.0,0.010624201736130288,4942.0,0.010622767682663327
599,2004.02.16.14.22.39,0.0910116817815335,0.5069703567366908,0.0152276454822402,Normal,1009.0,4131.81987902648,0.01655829057842142,1009.0,0.034349980330988836,4492.0,0.018713361688016038,4728.0,0.017402101825055086,4256.0,0.013451302455374167,4964.0,0.010928006455183915
600,2004.02.16.14.32.39,0.0911149910912715,0.5420037471466377,0.0199001649565002,Wear,1010.0,4151.386661703234,0.0165976655632791,1010.0,0.03411480646156131,4479.0,0.016247223072746435,4715.0,0.014098711860644703,51.0,0.009674101000601698,237.0,0.009662337503007969
601,2004.02.16.14.42.39,0.0931650645255337,0.5609820953544635,-0.00237552984301,Wear,1010.0,4095.7921254264734,0.017351927675247406,1010.0,0.030577116958517964,4493.0,0.02048967661299245,4729.0,0.015015725248488602,4257.0,0.011436139491799412,3770.0,0.010921096092647048
602,2004.02.16.14.52.39,0.0919603061129671,0.3948689754085976,-0.0060814349831588,Wear,1009.0,4125.106039407905,0.016905520060681037,1009.0,0.033703372375631084,4492.0,0.01703528434311519,4728.0,0.012490540538355407,4256.0,0.010838646075096239,51.0,0.009477338589678893
603,2004.02.16.15.02.39,0.0922045619804139,0.7432975552995371,0.0426821156731092,Wear,1009.0,4119.641883507259,0.016992661096660276,1009.0,0.029958417703261037,4478.0,0.01731572843648603,4714.0,0.015030294286700184,4950.0,0.012068197265093438,4256.0,0.0106252760364807
604,2004.02.16.15.12.39,0.091829873324347,0.5517784022496657,-0.0801539092186401,Wear,1009.0,4149.2503433116935,0.016855077621468612,1009.0,0.04285657257918786,4490.0,0.018951998541553786,4704.0,0.01726594503111118,4962.0,0.010312277453413171,51.0,0.009918860734498132
605,2004.02.16.15.22.39,0.0934110045523779,0.4625226492048617,-0.0029152523179089,Wear,1009.0,4114.412503280284,0.017438079731350826,1009.0,0.0408761855685276,4491.0,0.021740855771780296,4727.0,0.01825879140275767,4963.0,0.013139013663141115,3547.0,0.01048611904811892
606,2004.02.16.15.32.39,0.0931493581818334,0.6215580358289516,0.0200155758930972,Wear,1009.0,4149.226428971014,0.017349017472831615,1009.0,0.033778876164202255,4492.0,0.02055319640028314,4728.0,0.015120436880721353,4256.0,0.012280934669411292,4942.0,0.010602180841991708
607,2004.02.16.15.42.39,0.0936125820995433,0.5944372850986572,-0.062882687240454,Wear,1009.0,4115.966383788345,0.017517066034079896,1009.0,0.036175515160527895,4477.0,0.021211013407924917,4728.0,0.01484712984631198,3533.0,0.010896992256025265,4241.0,0.010680520700902661
608,2004.02.16.15.52.39,0.0945364760952088,0.4948223120819719,-0.03499771217809,Wear,1009.0,4126.331393996465,0.017861831856996777,1009.0,0.028302579585826312,4492.0,0.018066643103088906,4714.0,0.014472303372762575,237.0,0.011478149123708968,3548.0,0.010080979562722685
609,2004.02.16.16.02.39,0.0948817963227799,0.4545847496597348,-0.0534513286351401,Wear,1009.0,4145.752903569302,0.017997454509143522,1009.0,0.041835792361993696,4476.0,0.02128515556492053,4712.0,0.01560736221508758,237.0,0.012701889472864512,4948.0,0.01170026623545721
610,2004.02.16.16.12.39,0.0959111570612518,0.5121334435393043,0.0112676290886329,Wear,1009.0,4134.26197781452,0.0183849966400148,1009.0,0.03173697729590748,4470.0,0.02151685376307857,4713.0,0.017068646272768186,4256.0,0.010718706129426662,4942.0,0.010173377375114197
611,2004.02.16.16.22.39,0.094536246510515,0.4503024924997278,-0.0217043748930952,Wear,1009.0,4123.294400497541,0.017866551942289643,1009.0,0.03656950240842327,4477.0,0.018823841957985286,4713.0,0.016504380004346363,51.0,0.010368570512658503,4256.0,0.009864580593190696
612,2004.02.16.16.32.39,0.0948440411342319,0.5362435114092148,-0.0315201840246427,Wear,1009.0,4149.64241824299,0.017978531002618644,1009.0,0.043284254940673235,4491.0,0.01957232778568635,4705.0,0.018515980695910424,4255.0,0.011622748603771332,4941.0,0.011616610551662151
613,2004.02.16.16.42.39,0.0955986927661343,0.4700351608607565,-0.0296251220493369,Wear,1009.0,4152.777096530136,0.018271245190182108,1009.0,0.04171133478925745,4490.0,0.017438106840840423,4712.0,0.014661524274019126,4254.0,0.011307581480529611,51.0,0.010167307000374364
614,2004.02.16.16.52.39,0.0962706846686077,0.4821477383767942,-0.0163921144999914,Wear,1010.0,4131.049758046621,0.01852672164003812,1010.0,0.030752655497129047,4493.0,0.02226363272551032,4729.0,0.015069222074171069,4257.0,0.011137386485164458,4965.0,0.01052621935870564
615,2004.02.16.17.02.39,0.0962934388584575,0.4809149930704564,0.000408817313054,Wear,1009.0,4133.223633612648,0.018535883609708436,1009.0,0.03620194502046745,4492.0,0.02135567027751778,4728.0,0.01819770755654081,4256.0,0.011996219173664467,4964.0,0.010711928134386345
616,2004.02.16.17.12.39,0.0949884074958294,0.7511586473517373,0.0213828006793391,Wear,1009.0,4168.835750205141,0.018039066305489706,1009.0,0.04475592747333247,4476.0,0.020343531759591697,4712.0,0.01414512058362123,3532.0,0.010810257839649482,51.0,0.01044649887064731
617,2004.02.16.17.22.39,0.0955207435647978,0.6564783060272297,-0.038974765964673,Wear,1009.0,4160.441165653715,0.018235462269217278,1009.0,0.040540617914517914,4491.0,0.022321900998024023,4712.0,0.019686659800268666,4255.0,0.012994289944158955,4963.0,0.011333381269155573
618,2004.02.16.17.32.39,0.0949228832250981,0.5195036890723932,-0.0419114601098825,Wear,1009.0,4138.9430781100955,0.0180124670779507,1009.0,0.03667354228887889,4489.0,0.021421039337731887,4703.0,0.017708831886524907,4253.0,0.014512499827326759,51.0,0.011088828024977487
619,2004.02.16.17.42.39,0.0942820449709606,0.4795562273540734,0.0247942501098299,Wear,1009.0,4138.165828852208,0.017771474342836553,1009.0,0.038530055481297475,4475.0,0.022255613225427236,4711.0,0.015764206732882254,51.0,0.011361127970948195,4947.0,0.011100541414133124
620,2004.02.16.17.52.39,0.0933164608482039,0.6900665599350058,-0.0414475349772645,Wear,1009.0,4148.4072035691,0.017402829807582686,1009.0,0.04188414820946098,4491.0,0.020545042581222524,4727.0,0.016170461958130083,4941.0,0.012521606830699748,4255.0,0.011271586586561235
621,2004.02.16.18.02.39,0.0984655795764597,0.6142024183200445,0.0071107286440092,Wear,1009.0,4165.482165164602,0.01938353789284507,1009.0,0.04171616550183683,4476.0,0.02262459985590925,4712.0,0.016116202245781443,4240.0,0.011541188422369071,3768.0,0.010547638580518704
622,2004.02.16.18.12.39,0.0950530700862023,0.5214360964550426,-0.0300287124153342,Wear,1009.0,4167.538321078212,0.018063891827957798,1009.0,0.04128148927288187,4475.0,0.02068123630526867,4726.0,0.015788194026002563,4239.0,0.010452144297842974,51.0,0.010236319245968968
623,2004.02.16.18.22.39,0.0955898431593774,0.5461967132436896,-0.0497348308944739,Wear,1009.0,4140.996054697641,0.01826986072872622,1009.0,0.03622448097416609,4475.0,0.020044275126178054,4711.0,0.01691306135349925,51.0,0.011233312445673903,3531.0,0.01046398140824437
624,2004.02.16.18.32.39,0.09694473044843,0.7066014705423598,0.0370769469585209,Wear,1009.0,4174.225150570303,0.018788482694869917,1009.0,0.04271143240157819,4469.0,0.023248722319253096,4705.0,0.0192284149670785,4941.0,0.010888210232362944,1888.0,0.010577544245690934
625,2004.02.16.18.42.39,0.0965114094210498,0.5868126529442286,0.0053474238294409,Wear,1009.0,4164.3641112126,0.01862042285559052,1009.0,0.04053305007476455,4476.0,0.02191986768146801,4712.0,0.018543676133593378,4240.0,0.01144923455883707,3532.0,0.011164798211907495
626,2004.02.16.18.52.39,0.0961252402670924,0.5574171385605213,-0.0289775051739927,Wear,1009.0,4103.3254765243755,0.018470750824714832,1009.0,0.03854285984521734,4477.0,0.020087406792693836,4713.0,0.016645323132848635,4241.0,0.013006451401079314,44.0,0.010398492517192461
627,2004.02.16.19.02.39,0.0961533862203543,0.5643935427422329,0.0061078617968281,Wear,1009.0,4145.975107161096,0.01847840314877563,1009.0,0.03491156527763257,4477.0,0.02274287388191479,4713.0,0.0207378478500495,4241.0,0.010948295211630684,4005.0,0.010563240505651751
628,2004.02.16.19.12.39,0.0956801554068129,0.5436207732186147,-0.0209130740332341,Wear,1009.0,4125.954230342207,0.01829684812232386,1009.0,0.032646228751931676,4492.0,0.02174713513104961,4728.0,0.015506639093701572,4256.0,0.013151584248059801,51.0,0.010243034677373745
629,2004.02.16.19.22.39,0.0958854337542986,0.5675984206307501,-0.0275140762235083,Wear,1010.0,4151.808234069092,0.018380741545486943,1010.0,0.02657764114437419,4478.0,0.026143761259145068,4714.0,0.01964056628611454,4950.0,0.011389614630886181,4242.0,0.011151841891618554
630,2004.02.16.19.32.39,0.0935912189244569,0.5771797568819839,0.0456147651053534,Wear,1009.0,4120.6424854205,0.01750884197421532,1009.0,0.0318343449555491,4492.0,0.01977767504384064,4706.0,0.014898486150803598,4256.0,0.01269435057467843,4942.0,0.011531582135474193
631,2004.02.16.19.42.39,0.0978013926401038,0.6771886124561832,-0.0284319363171045,Wear,1009.0,4165.447694431975,0.01912144003276757,1009.0,0.03771090648798495,4477.0,0.021749035781596912,4713.0,0.01749998422286233,4255.0,0.012242616179089099,1888.0,0.010893368940312563
632,2004.02.16.19.52.39,0.0971068106057223,0.6499851458312187,0.0594813577092502,Wear,1010.0,4150.56539177198,0.018848634238186585,1010.0,0.029054198764502853,4493.0,0.028489177759517443,4729.0,0.01889309374228685,4257.0,0.01367683265886547,4943.0,0.010712059900917774
633,2004.02.16.20.02.39,0.0940915188314846,0.5973913543767053,0.0060157326689202,Wear,1009.0,4119.420932480836,0.017696632998619833,1009.0,0.02949080686888282,4478.0,0.023663841481112207,4714.0,0.01864449878562299,4242.0,0.012950072055552554,51.0,0.011123663996278082
634,2004.02.16.20.12.39,0.0963370137322293,0.5472246871079167,0.0276087482568102,Wear,1009.0,4139.855400516255,0.018551472311181812,1009.0,0.03413284196578705,4492.0,0.021754492639551065,4706.0,0.01633082197598935,4241.0,0.012421545161848888,1888.0,0.01097373930910295
635,2004.02.16.20.22.39,0.0958921271472696,0.6811948931940965,-0.0071845460004638,Wear,1009.0,4136.55378243388,0.0183829713251049,1009.0,0.03446132900613201,4477.0,0.02141440364514768,4728.0,0.016450147343121543,1888.0,0.01311178285813043,4256.0,0.011316174248095716
636,2004.02.16.20.32.39,0.097419228111597,0.5790203454839511,-0.0488742378285583,Wear,1010.0,4149.59850413874,0.018970531243063204,1010.0,0.03982084365036387,4494.0,0.021656758395958785,4730.0,0.01707789058589903,51.0,0.010692829036265188,4966.0,0.010656598249784313
637,2004.02.16.20.42.39,0.0976594566973515,0.6133940913684968,-0.026868208717565,Wear,1009.0,4137.102708205758,0.0190676569306498,1009.0,0.0320690109522303,4477.0,0.02302633912228084,4713.0,0.01942144945898866,4241.0,0.013386904497165522,4949.0,0.010770589897053092
638,2004.02.16.20.52.39,0.0948368912264631,0.6512805700988582,0.0332188784218825,Wear,1010.0,4150.201250587984,0.01798040522582336,1010.0,0.03227997677416183,4493.0,0.021008592682753124,4707.0,0.0183891589348852,4257.0,0.011341800749828181,51.0,0.010614991737873829
639,2004.02.16.21.02.39,0.0975108567673364,0.5207344685544979,-0.0222609945972763,Wear,1009.0,4155.700618476742,0.019007176783988024,1009.0,0.03959695492948953,4476.0,0.024513852726786158,4712.0,0.022166741639843675,4948.0,0.01411410722577271,4240.0,0.012495794611769579
640,2004.02.16.21.12.39,0.0984480222550839,0.5386898269168503,-0.0151033736477765,Wear,1009.0,4159.775994864857,0.01937879656516899,1009.0,0.043138043453606445,4490.0,0.0247206922854876,4726.0,0.017578039421389077,4254.0,0.013954697259469729,4940.0,0.010539735702174933
641,2004.02.16.21.22.39,0.099419494264675,0.6725187096744207,-0.0212307257201146,Wear,1009.0,4159.721443643818,0.01975919998579914,1009.0,0.039544701822581206,4491.0,0.022843571632799146,4727.0,0.01735033521862438,4255.0,0.01521187676041701,1888.0,0.011934863131939158
642,2004.02.16.21.32.39,0.0983794699985088,0.5520838440108813,0.0330496423725162,Wear,1009.0,4146.825101695429,0.019349765566080576,1009.0,0.031353964116198146,4492.0,0.024823419780670354,4728.0,0.016899236550521845,4256.0,0.014836378360362832,3548.0,0.011801019108846887
643,2004.02.16.21.42.39,0.0980513148895133,0.6552368688722146,-0.0316339919695697,Wear,1009.0,4147.407410041072,0.019220479485371943,1009.0,0.033783924646654195,4477.0,0.022786929457825966,4713.0,0.02123591962652544,4241.0,0.014469885747398476,4949.0,0.011066677932688548
644,2004.02.16.21.52.39,0.0979275107581176,0.6111333437801081,4.218274879528586e-06,Wear,1009.0,4125.242721523028,0.019174271596285306,1009.0,0.040092221691101854,4489.0,0.02316695219917836,4725.0,0.018717441868616284,4961.0,0.014540391575340079,4253.0,0.012344728210126006
645,2004.02.16.22.02.39,0.0972731462955443,0.5724844892623211,-0.0362472408124066,Wear,1008.0,4136.0227030940305,0.018916828855234304,1008.0,0.026921360471706325,4488.0,0.021534424476352603,4724.0,0.01808963585391007,4945.0,0.01332362656123861,4238.0,0.010608618172282452
646,2004.02.16.22.12.39,0.0983864535303577,0.5403197851984634,-0.0270337239950581,Wear,1009.0,4121.129772542717,0.01935496611694217,1009.0,0.042452678442815694,4490.0,0.024533889296748435,4726.0,0.01930361848243965,4254.0,0.0126668077815708,237.0,0.01149012263213916
647,2004.02.16.22.22.39,0.1037937969963613,1.0579778032148015,0.0222420967006117,Wear,1008.0,4135.7137587917505,0.021535341849621994,1008.0,0.03303997737974839,4473.0,0.025381727257121192,4709.0,0.023378884757728063,4252.0,0.014902580823331405,3530.0,0.012694694779914126
648,2004.02.16.22.32.39,0.106386491144538,0.8593839482326833,-0.0581506636727398,Wear,1009.0,4142.2260300911985,0.022629394709024295,1009.0,0.03599502068161051,4492.0,0.032751661451698444,4728.0,0.022666969293603706,4256.0,0.018825669209375784,4964.0,0.013729692740360564
649,2004.02.16.22.42.39,0.1050278945927134,0.8594033690020813,-0.03600538956874,Wear,1009.0,4131.340185282731,0.022051382849146924,1009.0,0.0405325045587502,4490.0,0.02920511818548695,4726.0,0.02134612921799173,4254.0,0.01503881211021122,4947.0,0.013589885755323425
650,2004.02.16.22.52.39,0.1053547935289669,0.8345135768103153,-0.0455929718509027,Wear,1009.0,4145.509791524006,0.022193273518607573,1009.0,0.04128725784739014,4490.0,0.027330842244908234,4711.0,0.018380333701718782,4254.0,0.014918997171494704,3782.0,0.013830969171818372
651,2004.02.16.23.02.39,0.1062761847330165,0.8989962838910843,-0.0421417270167074,Wear,1009.0,4145.965959414116,0.022579721902764714,1009.0,0.03957790463858215,4475.0,0.026014870714240447,4711.0,0.024942229996845016,4239.0,0.019353095210525542,4947.0,0.013848927929222727
652,2004.02.16.23.12.39,0.1042921618785269,0.7805928630818695,-0.0405011399857617,Wear,1009.0,4145.892984563315,0.02174376304336459,1009.0,0.03681989935465534,4477.0,0.02270881140941318,4713.0,0.018875363658145308,1888.0,0.012498109569146395,4241.0,0.011814604920301447
653,2004.02.16.23.22.39,0.1058579707010176,0.932443746332901,-0.021959523457071,Wear,1009.0,4158.777478736666,0.02240072691701821,1009.0,0.04207234424452169,4490.0,0.026473588644341507,4726.0,0.022830927571321963,4962.0,0.013231420278589852,4254.0,0.01303827384574973
654,2004.02.16.23.32.39,0.1062098991421291,0.7618131670541999,-0.0186808433740849,Wear,1009.0,4146.846662445639,0.0225552768646895,1009.0,0.03994332402628195,4489.0,0.024260278676971975,4725.0,0.019551716987900845,4961.0,0.014781941480415083,4254.0,0.012880737144551064
655,2004.02.16.23.42.39,0.1030159020453577,1.035295589771101,-0.0055498461913283,Wear,1009.0,4169.811808347177,0.021213796282936823,1009.0,0.042996736821261566,4476.0,0.026013241381894772,4712.0,0.0205442709239503,4240.0,0.015315388167591327,3532.0,0.012645481791185964
656,2004.02.16.23.52.39,0.1059693812647077,0.7446224362206095,-0.0505202608315942,Wear,1009.0,4155.230545096628,0.02245323876724079,1009.0,0.03783947085685952,4477.0,0.02523705477888158,4713.0,0.018453703621028737,4241.0,0.014351657014754396,1888.0,0.012598729462482017
657,2004.02.17.00.02.39,0.1059593810367326,0.8544294796051406,-0.0228236165849396,Wear,1009.0,4155.0576227598185,0.02244982631258586,1009.0,0.0422271753700724,4476.0,0.025232423420317014,4712.0,0.02033204445083544,3532.0,0.014217457283159256,4240.0,0.012810929881113901
658,2004.02.17.00.12.39,0.1046403041935503,0.9503298348422976,-0.0648367741551166,Wear,1009.0,4134.4056628063145,0.021890972788500582,1009.0,0.02697156274467022,4474.0,0.02273134437802159,4702.0,0.02152841092839091,4238.0,0.014252632591947851,4960.0,0.013430739349351198
659,2004.02.17.00.22.39,0.1056420719376577,0.8951812464408859,-0.0228638553065579,Wear,1009.0,4144.268403827033,0.02230849081639387,1009.0,0.03338719605061538,4489.0,0.026384497165684313,4710.0,0.020730988904754007,4253.0,0.01565289881256255,1887.0,0.014276381825012806
660,2004.02.17.00.32.39,0.1043595436721948,0.7816348788004697,-0.0370823353137832,Wear,1009.0,4116.434999612876,0.021773885408425845,1009.0,0.038883445484013276,4475.0,0.021189333522985243,4725.0,0.02077767073875967,4961.0,0.016820642522375053,1887.0,0.01221356588254705
661,2004.02.17.00.42.39,0.1066278717190948,0.7678642560795552,-0.0374055144280582,Wear,1009.0,4163.674277089391,0.022730926422826953,1009.0,0.042847784963201734,4490.0,0.033195815670856485,4726.0,0.021825705344236293,4254.0,0.017325670641911938,4940.0,0.011598104142307511
662,2004.02.17.00.52.39,0.1066217742038416,0.765469776591543,-0.0144854385139947,Wear,1009.0,4123.282022094599,0.022729669002098864,1009.0,0.04053818852903763,4475.0,0.025097411100647327,4711.0,0.024388236840369604,4239.0,0.014739179015959737,4947.0,0.013097273151367267
663,2004.02.17.01.02.39,0.1047026854657988,0.7869819151709754,-0.0387856641555299,Wear,1009.0,4156.758917808088,0.021912140554060572,1009.0,0.04199534370847199,4476.0,0.026506268281729018,4705.0,0.020517650295741104,4941.0,0.012391852299598886,4255.0,0.012197937108759492
664,2004.02.17.01.12.39,0.1042101031832746,0.8916386740504207,0.030037213066039,Wear,1009.0,4145.355420447864,0.02171159695740846,1009.0,0.033963807613455584,4474.0,0.026646774446934935,4710.0,0.024633179793744416,4946.0,0.014083620303250022,1887.0,0.01394902584794222
665,2004.02.17.01.22.39,0.1061232803618773,0.8149963220300802,-0.0585508241766254,Wear,1009.0,4152.294367494666,0.022514419224289824,1009.0,0.041153726306177876,4489.0,0.02397048529273022,4725.0,0.019241777213912136,4239.0,0.014977971094141491,4939.0,0.012017104092014905
666,2004.02.17.01.32.39,0.1068563701324849,0.9259511693175684,-0.0243654630442581,Wear,1009.0,4156.305700016479,0.02283032240026563,1009.0,0.039961633486915074,4476.0,0.031067231880227426,4712.0,0.02605323731816672,4240.0,0.018390194302372355,4948.0,0.013941494716564735
667,2004.02.17.01.42.39,0.1048405825713795,0.7773012336510239,-0.0477835702893134,Wear,1009.0,4147.1280091801655,0.02197802730767571,1009.0,0.033813443478678804,4488.0,0.023428029299233044,4724.0,0.02134854180763937,4938.0,0.013250271754916852,1887.0,0.012456885598555888
668,2004.02.17.01.52.39,0.1035993597651549,0.8176352010912522,0.0076991910768523,Wear,1009.0,4147.993979834095,0.02145640420631534,1009.0,0.041507619859690086,4490.0,0.02291702950831684,4726.0,0.021106739349572287,4962.0,0.013385348792258785,4254.0,0.012635002810393606
669,2004.02.17.02.02.39,0.1061608500070471,0.6430516614183497,-0.0460735586529551,Wear,1009.0,4161.6843612602415,0.022532619449337238,1009.0,0.04321335016006861,4476.0,0.024070087828143183,4712.0,0.02035871619101909,4240.0,0.014521457949898295,3532.0,0.012124362583682081
670,2004.02.17.02.12.39,0.1063185284519471,0.7746946322817005,-0.0688983556702842,Wear,1009.0,4139.626834003766,0.02259685455960084,1009.0,0.03188032989871119,4474.0,0.030886860097495025,4710.0,0.02492966634323195,4238.0,0.016102738929079635,1887.0,0.013866076329847835
671,2004.02.17.02.22.39,0.1049126354829787,0.7594868721250303,-0.0597077527735009,Wear,4492.0,4157.802897248358,0.02200692628765075,4492.0,0.033332880477527575,1009.0,0.030226573955809063,4728.0,0.02343091436238127,4256.0,0.01611562556562931,4020.0,0.012331462753865763
672,2004.02.17.02.32.39,0.1029637437136551,0.7345061687411087,-0.0024288136598552,Wear,1009.0,4139.737424923061,0.021192509992243223,1009.0,0.04277514254316714,4491.0,0.024439039347873656,4712.0,0.019642992508256893,4255.0,0.01510161973297245,4948.0,0.01189926844357367
673,2004.02.17.02.42.39,0.1020035416530505,0.9054039207769428,-0.0179082727329248,Wear,1009.0,4142.659362329393,0.020801691016558835,1009.0,0.03636925138155499,4489.0,0.025013813562249528,4725.0,0.021563792451437875,1887.0,0.014694074395006668,4939.0,0.013129157366761502
674,2004.02.17.02.52.39,0.1048912713651319,0.7653851180387234,-0.0325805341438372,Wear,1009.0,4166.78620358772,0.021993138703160102,1009.0,0.03908241629364442,4475.0,0.022586692612814985,4711.0,0.017860275344665458,4239.0,0.014714280597584851,4939.0,0.014102585461936563
675,2004.02.17.03.02.39,0.1028386345962693,0.8056773825533741,-0.0213416794891681,Wear,1009.0,4152.691252254885,0.02113967776650377,1009.0,0.040401911279824544,4476.0,0.023337676199530352,4712.0,0.017919281455940555,1888.0,0.013347905173511573,4240.0,0.011929253973444057
676,2004.02.17.03.12.39,0.104138791478608,0.767350526474162,-0.0453236704588022,Wear,1009.0,4132.941585514633,0.021680046994770486,1009.0,0.03822595479894378,4489.0,0.027378948059145654,4725.0,0.02117578129171686,4939.0,0.013051767872697774,1887.0,0.013026812839258823
677,2004.02.17.03.22.39,0.105271053834331,0.8042036898939058,-0.0214954815533119,Wear,1009.0,4141.300210769828,0.022151764745735162,1009.0,0.042163026140327284,4490.0,0.027393135327011094,4726.0,0.023064478507691548,4254.0,0.014513669817519205,4962.0,0.01149320277602822
678,2004.02.17.03.32.39,0.1053157691443629,0.8374606137177665,-0.005411978713467,Wear,1009.0,4127.973904071041,0.022174271411534406,1009.0,0.03646876669895354,4489.0,0.02816283367063498,4710.0,0.020171817809877746,4253.0,0.018470239902263902,1887.0,0.012544208235292082
679,2004.02.17.03.42.39,0.1032144789363845,0.7876753191941406,0.0043441398393118,Wear,1009.0,4131.3972192785795,0.021296729020031418,1009.0,0.04130415385579963,4476.0,0.022829577634817636,4712.0,0.02162544867992587,1888.0,0.013094756173175721,4948.0,0.013017309196575589
680,2004.02.17.03.52.39,0.1040031481926598,0.7657113842738918,-0.0293680278619762,Wear,1009.0,4166.9456683853805,0.021625739687285435,1009.0,0.03985996276663024,4467.0,0.023651592138084456,4703.0,0.023325616898047838,4939.0,0.016939227550369203,1887.0,0.012899013720295258
681,2004.02.17.04.02.39,0.1048005406489513,0.8513716239181859,-0.0463869606950372,Wear,1009.0,4147.225118883592,0.021958368385438232,1009.0,0.04030702408966129,4475.0,0.026907025619538845,4711.0,0.01990485881854715,4239.0,0.016527218605726302,1887.0,0.014871471064337172
682,2004.02.17.04.12.39,0.1048891609461357,0.8011197732616546,-0.0059337382285312,Wear,1009.0,4150.2192184112755,0.021987010471909277,1009.0,0.04322998840142464,4490.0,0.028122519499997018,4704.0,0.02179849314294831,4254.0,0.018666970957208238,3546.0,0.012334643994166415
683,2004.02.17.04.22.39,0.1044804940302853,0.8875430047913371,-0.0112947457996522,Wear,1009.0,4159.283421531277,0.021825103737112297,1009.0,0.04133958478167568,4490.0,0.028328796914250866,4726.0,0.022712825840668,4254.0,0.016738645772053664,4962.0,0.012649168234805911
684,2004.02.17.04.32.39,0.1053248272644263,0.8239941692202497,-0.0535803275483833,Wear,1009.0,4139.7601826310065,0.022177051499161955,1009.0,0.04048045083347808,4491.0,0.025101010251988038,4705.0,0.021571264276696277,4255.0,0.016305011066624044,4941.0,0.015328605599714893
685,2004.02.17.04.42.39,0.1071076169166437,0.9259360914985332,-0.034821808850413,Wear,1009.0,4168.050302269682,0.02293567118646061,1009.0,0.03691876108799546,4475.0,0.030921837311643982,4711.0,0.026147321678275628,4239.0,0.014793354233065839,3767.0,0.013170653869531557
686,2004.02.17.04.52.39,0.1071243110483242,1.0499797079690092,0.0012977414078426,Wear,1009.0,4140.389880800825,0.022946612946643997,1009.0,0.030348137872432873,4478.0,0.021870052258662624,4714.0,0.01749692644954091,4242.0,0.014005061412220108,3548.0,0.012622226763579126
687,2004.02.17.05.02.39,0.1052075731459747,0.8787991225503635,-0.0303828961021568,Wear,1009.0,4153.224844728848,0.022125109362030496,1009.0,0.041197908287277596,4476.0,0.027229018450782946,4712.0,0.022397384405472703,4240.0,0.016854129829496963,3532.0,0.013582813444446486
688,2004.02.17.05.12.39,0.1051648280769437,0.8321046946773341,-0.0305134355856935,Wear,1009.0,4161.320432836433,0.022110005421758106,1009.0,0.041644752526038845,4491.0,0.031400718380497884,4727.0,0.024528374002950205,4255.0,0.016832831867652165,4941.0,0.01634575446290813
689,2004.02.17.05.22.39,0.1057496229954124,0.8605328986184082,-0.0335244730774303,Wear,1009.0,4144.777506429754,0.022350426909965602,1009.0,0.0413364737953907,4490.0,0.02477364373470814,4726.0,0.02236479116106678,4254.0,0.013780365641679226,4962.0,0.01234961251580921
690,2004.02.17.05.32.39,0.1054392914878183,0.9539876786626972,-0.0848568942211135,Wear,1009.0,4135.184601711059,0.022228006648362726,1009.0,0.03860682016613468,4489.0,0.030393485895728635,4725.0,0.023459708053648647,4253.0,0.015587424274342985,1887.0,0.014311135680613797
691,2004.02.17.05.42.39,0.1066928828002804,0.9485028239098772,-0.0219603430725844,Wear,1009.0,4156.491501645349,0.022753485191193273,1009.0,0.03973333561962884,4491.0,0.026443659108157765,4727.0,0.021418883880087843,4255.0,0.014808343731116955,1888.0,0.014185171119786892
692,2004.02.17.05.52.39,0.1071459699975633,0.932492736168892,-0.0237100105541682,Wear,1009.0,4172.433717009527,0.022952014294002086,1009.0,0.0393649258238008,4475.0,0.023204267414564172,4711.0,0.0174750107238378,1887.0,0.014252234749989566,4239.0,0.01405736370959915
693,2004.02.17.06.02.39,0.1082455801187021,1.0423942932084935,-0.0591739892083429,Wear,1009.0,4188.1549535388285,0.023427048281506588,1009.0,0.039525008086661075,4491.0,0.02613829844064149,4727.0,0.018822319698178047,4255.0,0.01626889080350365,1888.0,0.013948500817856167
694,2004.02.17.06.12.39,0.1066530244622867,1.1178083967298198,-0.0232007848134643,Wear,1008.0,4146.486234578226,0.022740430631871165,1008.0,0.02881244018644287,4488.0,0.025842100209086255,4702.0,0.017954465195432933,4252.0,0.017276398059417178,4959.0,0.01187578461049963
695,2004.02.17.06.22.39,0.1057523000913425,0.9838773110024168,-0.0176094192684152,Wear,1009.0,4194.221825223026,0.022357392871095855,1009.0,0.04409953131495569,4726.0,0.02052595648083936,4476.0,0.020127512452613787,4240.0,0.0149549394116584,4004.0,0.012003612968780324
696,2004.02.17.06.32.39,0.1072800343107642,1.068532133388807,-0.0535023900950797,Wear,1009.0,4184.962101272148,0.023013696012971856,1009.0,0.04090174107872878,4490.0,0.0245002981260429,4726.0,0.020021803570158214,4962.0,0.01444793209813248,4240.0,0.013589044538444223
697,2004.02.17.06.42.39,0.1092699857470305,1.1376804821538258,-0.0534147634320147,Wear,1009.0,4183.077396995854,0.023872358245984562,1009.0,0.04154762374954717,4491.0,0.03011297476819427,4705.0,0.022462152420642173,4255.0,0.017313031197441684,4941.0,0.0158175183081954
698,2004.02.17.06.52.39,0.1065008807365284,0.9490147794299428,-0.0430458749481006,Wear,1009.0,4170.413718906573,0.022671949986740512,1009.0,0.03877607461313378,4491.0,0.030336721339194912,4705.0,0.02238348535355579,1888.0,0.016752424204565918,4255.0,0.014349850760407266
699,2004.02.17.07.02.39,0.1097905923561844,1.0141714282015115,-0.0214912881119603,Wear,1009.0,4163.231087158995,0.024096481562384045,1009.0,0.043252094007313086,4476.0,0.02788200088925318,4712.0,0.020426762193480722,4240.0,0.014581238636268205,3532.0,0.013608216144419689
700,2004.02.17.07.12.39,0.1127678235635059,1.0775865528894446,0.0106921697737999,Wear,1009.0,4182.909147162382,0.025426080899402122,1009.0,0.03826136071793089,4475.0,0.03159951504950383,4711.0,0.02491618581913311,4239.0,0.016168530463158148,4947.0,0.013859533336346
701,2004.02.17.07.22.39,0.1202887074688694,1.345963647530156,-0.0082058880185208,Wear,1009.0,4194.02751299601,0.02892918509163364,1009.0,0.029971253623548202,4478.0,0.028725954658099004,4714.0,0.023921321008946648,4256.0,0.01867719140550277,3548.0,0.016851917436977455
702,2004.02.17.07.32.39,0.1668962865344354,2.3890722982950106,-0.1349700516951401,Wear,4476.0,4373.940694514063,0.05569941282553453,4476.0,0.05224829005583296,4712.0,0.047438615077556395,1009.0,0.039453758584342434,4948.0,0.031449167319278486,4240.0,0.031215499946680304
703,2004.02.17.07.42.39,0.1717619405135619,2.3850877136573763,-0.0972869149868616,Wear,4491.0,4367.862469993347,0.058994937742417854,4491.0,0.051407265655584414,4705.0,0.04426220705895703,1009.0,0.04044301938646072,4255.0,0.03037836623972072,4941.0,0.028595691506937488
704,2004.02.17.07.52.39,0.1737544359258383,2.6268074089323488,-0.0402548691919227,Wear,4492.0,4390.787660686759,0.06036897573768643,4492.0,0.05634055963014181,4728.0,0.0470361404611481,1009.0,0.03393803819298843,4256.0,0.0336032338310522,4942.0,0.031113821672905835
705,2004.02.17.08.02.39,0.171779184372245,2.6189030455499056,-0.1417596614112363,Wear,4489.0,4386.422663383622,0.05900599607228511,4489.0,0.04428973838868941,4725.0,0.04240335633522621,1009.0,0.040488737200562584,4961.0,0.030120074563637966,4239.0,0.026327162870275353
706,2004.02.17.08.12.39,0.1691172613771377,2.507133901376002,-0.1168414779399861,Wear,4478.0,4361.599489569274,0.05719672326813517,4478.0,0.05102195974731414,4714.0,0.047024998666537955,4965.0,0.03133846462389815,1009.0,0.03047730759598917,4242.0,0.02734127858983206
707,2004.02.17.08.22.39,0.1736918046931924,2.506406651824572,-0.0150410032055046,Wear,4477.0,4367.794079618655,0.06032757070703051,4477.0,0.051959467594855514,4728.0,0.04478959488520043,1009.0,0.03739886934574178,4256.0,0.028914370102237824,4942.0,0.026390687478302123
708,2004.02.17.08.32.39,0.1685995352054221,2.4672653367974213,-0.1275104304523278,Wear,4491.0,4338.647982264753,0.05684345693398711,4491.0,0.0594370356364761,4727.0,0.04656564746498534,1009.0,0.04008105949440074,4255.0,0.03372164908837121,4963.0,0.02906002354237075
709,2004.02.17.08.42.39,0.1668656055700683,2.686524509219736,-0.0789108034493282,Wear,4491.0,4393.753264944915,0.05567562998656826,4491.0,0.05877535526577422,4727.0,0.048171181152644474,1009.0,0.04266521076730559,4255.0,0.03273972661242903,4963.0,0.031109309667271774
710,2004.02.17.08.52.39,0.1725233718032411,2.2215812294847064,-0.0916832106248443,Wear,4474.0,4358.13778612973,0.05951683343574851,4474.0,0.05550907592236881,4724.0,0.04583934428526107,4238.0,0.033455263030738716,4960.0,0.029559060798508976,1009.0,0.02770098598984564
711,2004.02.17.09.02.39,0.169824769523618,2.547557372864662,-0.0181091643244896,Wear,4489.0,4340.41619251758,0.057672652420114254,4489.0,0.052648744153903984,4710.0,0.045261508381707186,4253.0,0.03436560592860438,1009.0,0.03282422450681813,4946.0,0.02605038604819008
712,2004.02.17.09.12.39,0.1688369467847881,2.248777066522476,-0.0388410842415505,Wear,4491.0,4371.8620986293745,0.056999476805305746,4491.0,0.05345829840732186,4727.0,0.04730149558435151,1009.0,0.040277134221833544,4255.0,0.034010871879543256,4963.0,0.0259700509744889
713,2004.02.17.09.22.39,0.1684934776243671,2.29543109013067,-0.054797127103794,Wear,4491.0,4372.389027752774,0.05677313830224125,4491.0,0.05386278876662218,4705.0,0.04747841694329299,1009.0,0.0430072189411263,4255.0,0.03467097522400835,4941.0,0.02879556228569167
714,2004.02.17.09.32.39,0.1695095153118254,2.236064581689714,-0.1002138237481717,Wear,4477.0,4352.498603330311,0.05746055024175926,4477.0,0.05712221218645611,4713.0,0.046625121224007054,4241.0,0.03355359308407096,1009.0,0.03308477124102869,4949.0,0.02647902530581064
715,2004.02.17.09.42.39,0.1699360301575364,2.384176895930011,-0.1049999536597323,Wear,4491.0,4368.88760995536,0.057745670475404146,4491.0,0.05805561594937251,4727.0,0.048134317688401325,1009.0,0.04341675259088255,4255.0,0.031772774944534586,4963.0,0.025892233225312367
716,2004.02.17.09.52.39,0.1650954306475594,2.759009037211744,-0.0865169511274545,Wear,4492.0,4334.640293836586,0.05450086942316203,4492.0,0.05049607207829026,4728.0,0.04289747326450272,1009.0,0.0349626727975404,4256.0,0.029357113415931724,4942.0,0.026647652451207756
717,2004.02.17.10.02.39,0.1655270049130012,2.50987514293984,-0.1088437795146896,Wear,4476.0,4351.487145312143,0.05478934569817595,4476.0,0.04729818420184778,1009.0,0.042929716403501385,4712.0,0.03758131725259248,4240.0,0.03060272117823841,3768.0,0.023187897864725877
718,2004.02.17.10.12.39,0.165036882566964,2.373606332702642,-0.1287337048788498,Wear,4478.0,4320.034987816475,0.05446585219954467,4478.0,0.058337682054233266,4714.0,0.0517257917082074,4950.0,0.03269681175415271,4242.0,0.032568895367142685,1010.0,0.02612682591659838
719,2004.02.17.10.22.39,0.1681014250722703,2.3706120727907978,-0.0956198263391282,Wear,4492.0,4352.044423534705,0.05650674360165871,4492.0,0.052654325526360936,4706.0,0.0455078848781042,1009.0,0.03409750857993051,4256.0,0.031557054509485115,4942.0,0.0291704405932134
720,2004.02.17.10.32.39,0.1640990355152377,2.5158891668515384,-0.1102940503852889,Wear,4477.0,4365.47534841383,0.05384120212470439,4477.0,0.05837230769311979,4713.0,0.04420117791645728,1009.0,0.034892582834007244,4241.0,0.034503617632098665,4949.0,0.02727546183182852
721,2004.02.17.10.42.39,0.1651642370348753,2.3421508310443384,-0.0996777928160888,Wear,4492.0,4352.900438294566,0.05454784283916911,4492.0,0.05594332021991782,4706.0,0.04778989861774506,1009.0,0.033265727657371534,4256.0,0.03194738630394247,4942.0,0.029748102735045162
722,2004.02.17.10.52.39,0.1641279000600598,2.578314431277734,-0.0965194764196342,Wear,4478.0,4323.541121761312,0.05386614256660722,4478.0,0.05689193620577342,4714.0,0.0498640607543575,4950.0,0.031952019477539985,4242.0,0.03159635981730423,1009.0,0.028059713484617922
723,2004.02.17.11.02.39,0.1638367454217478,2.531885326050883,-0.1213566739620217,Wear,4490.0,4325.569812867971,0.053675015465030666,4490.0,0.04671316712540662,1009.0,0.04421929631274223,4704.0,0.040204432735769326,4940.0,0.026380875336662626,4254.0,0.025446881218678993
724,2004.02.17.11.12.39,0.1632158990034365,2.6241708680097338,-0.1275452733973265,Wear,4477.0,4305.5224269432865,0.05326726163261633,4477.0,0.05877028470870597,4713.0,0.048138978834411955,1009.0,0.034749395563581933,4241.0,0.03440574280402903,4949.0,0.03197271728162648
725,2004.02.17.11.22.39,0.1684788962349958,2.3984384000021723,-0.1001154263128815,Wear,4478.0,4346.592312043423,0.056756102594433845,4478.0,0.04531864019252372,4714.0,0.0377407558980064,1009.0,0.03322055098461068,4256.0,0.029284024231630137,3548.0,0.02145232722576998
726,2004.02.17.11.32.39,0.1669735067402161,2.304491357206317,-0.1027717810953076,Wear,4479.0,4340.055379866312,0.055750182358051945,4479.0,0.05744117815018849,4715.0,0.04742997925646403,1010.0,0.03262380140023405,4243.0,0.03159100046553038,1889.0,0.028371528444706806
727,2004.02.17.11.42.39,0.1656380958855593,2.6610620225085304,-0.0689838266353108,Wear,4492.0,4308.405429971309,0.0548642042234579,4492.0,0.04775850148195105,4706.0,0.042005912226676274,1009.0,0.03401280924439914,4256.0,0.028293070074593918,4942.0,0.028193518376471733
728,2004.02.17.11.52.39,0.1641586673508476,2.4481806492189087,-0.0599107181528974,Wear,4492.0,4326.0445540202545,0.053884138557389036,4492.0,0.04893313802541314,4728.0,0.04009771681068129,4256.0,0.031944204078096665,1009.0,0.02969521698885874,1888.0,0.023754190463493953
729,2004.02.17.12.02.39,0.1652497247598407,2.348742119130721,-0.0783421170070073,Wear,4478.0,4306.910048348768,0.05460450376824312,4478.0,0.04445351351803107,4714.0,0.03896495751297852,1009.0,0.031796418225406464,4256.0,0.026865464568720195,3548.0,0.022925928389256833
730,2004.02.17.12.12.39,0.1663058489662664,2.555336429076207,-0.0506712498724195,Wear,4477.0,4353.007753199701,0.055305302217637284,4477.0,0.059577702876092556,4713.0,0.04813406050856474,1009.0,0.039145782122647466,4241.0,0.030824380862712154,1888.0,0.028448737968455647
731,2004.02.17.12.22.39,0.1575511747218979,2.756871698389002,-0.1012755921752896,Wear,4478.0,4305.255131965705,0.0496339157444283,4478.0,0.04548272364228623,4707.0,0.04028224157639876,1010.0,0.02904671760917184,4943.0,0.027645074330308595,4242.0,0.026468577412725704
732,2004.02.17.12.32.39,0.1621242603105716,2.539827058969368,-0.0763802966137354,Wear,4490.0,4312.46632918392,0.05255995497500014,4490.0,0.054636381590542196,4726.0,0.04354848910270838,1009.0,0.042415464843964606,4254.0,0.029405123681532298,4962.0,0.026153815666704494
733,2004.02.17.12.42.39,0.1558261737820283,2.464085946432145,-0.087405173312966,Wear,4491.0,4307.887657591276,0.04855665461168444,4491.0,0.05159923048073117,1009.0,0.0421075266792136,4705.0,0.039361974244566555,4255.0,0.032034702822196434,1888.0,0.02618031070026256
734,2004.02.17.12.52.39,0.1567899708868622,2.397824838205458,-0.0823546254305077,Wear,4491.0,4271.385219125142,0.049149176008828045,4491.0,0.044756339261372215,1009.0,0.039632367022534525,4713.0,0.03627438167381176,1888.0,0.029041816084786728,4255.0,0.026056633268091402
735,2004.02.17.13.02.39,0.1541765147649866,2.380993795300869,-0.0508397691049217,Wear,4477.0,4263.624829832676,0.04753040266956568,4477.0,0.044381945892573375,1009.0,0.037639627228533326,4706.0,0.03610710802512598,4241.0,0.027715888936173605,1888.0,0.02497588367084192
736,2004.02.17.13.12.39,0.1550276660667177,2.3857241830328237,-0.0797491012810561,Wear,4491.0,4266.038235659916,0.048059064344559706,4491.0,0.049108113867662756,1009.0,0.04079485819690003,4727.0,0.03887987050432781,1888.0,0.03197483240494435,4255.0,0.02841788930941353
737,2004.02.17.13.22.39,0.1547995549000888,2.326244291018452,-0.0451468627100626,Wear,4492.0,4242.8770003102945,0.04791848901592893,4492.0,0.04834615563970554,4728.0,0.03824188967692327,1009.0,0.033692642321554334,4256.0,0.02864724758258085,3548.0,0.02604297128288401
738,2004.02.17.13.32.39,0.1450686467016887,2.2603903426575678,-0.180925884572745,Wear,4477.0,4232.468033914634,0.04208046485332231,4477.0,0.04540155586271616,4713.0,0.03845360437029311,1009.0,0.03303827541450791,1888.0,0.031207763414380387,4241.0,0.028240023527595817
739,2004.02.17.13.42.39,0.1425129595943602,2.398569851860411,-0.0843477331296018,Wear,4492.0,4211.391099560522,0.040612182270309966,4492.0,0.037505180922516757,4706.0,0.035821301984082135,1009.0,0.03467754254166238,1888.0,0.024987287291861445,3533.0,0.024715706720608105
740,2004.02.17.13.52.39,0.148088916688906,2.158488613774588,-0.0547643219664975,Wear,4478.0,4188.53635807619,0.04385354123569218,4478.0,0.04469841503444129,4729.0,0.03253901671018402,1010.0,0.030331638482391312,4242.0,0.028400844439162888,3534.0,0.025918281393484767
741,2004.02.17.14.02.39,0.1452710145754522,2.2044594195762057,-0.1653935686616854,Wear,4492.0,4205.5323424370035,0.0421982223319836,4492.0,0.0417014202033691,1009.0,0.031749884875299464,4728.0,0.03137668937260325,3548.0,0.026732653284452464,4256.0,0.02598021597515751
742,2004.02.17.14.12.39,0.1439164398197462,2.0271482740199875,-0.0942801805984062,Wear,4477.0,4209.1694023509635,0.04141730870876263,4477.0,0.04240414195834046,4713.0,0.03773718306452821,1009.0,0.03630260063336527,1888.0,0.029344135202221983,4241.0,0.02623249812456533
743,2004.02.17.14.22.39,0.1397271215829603,2.342641300811165,-0.1036659795089252,Wear,4492.0,4182.496790781355,0.03903999429466569,4492.0,0.032976502311730015,1009.0,0.032139490816303844,4728.0,0.02726315454729293,3548.0,0.02257798652073363,1888.0,0.021051285939786883
744,2004.02.17.14.32.39,0.1394211169499172,1.9866054341726365,-0.1211387100892232,Wear,4478.0,4159.080844264112,0.038866139274508285,4478.0,0.037411927024091095,4714.0,0.02964014945559721,1009.0,0.027977939237933142,4256.0,0.024420051154553927,3541.0,0.022313862682803554
745,2004.02.17.14.42.39,0.1397635746076544,2.071652361420829,-0.1608252571450786,Wear,4492.0,4162.186489052394,0.03906147038948158,4492.0,0.03435744183059375,1009.0,0.03134830464523173,4728.0,0.026701182159154055,4256.0,0.02611222990031692,3548.0,0.022692941113439162
746,2004.02.17.14.52.39,0.1424209491536006,1.9998288945603404,-0.0763961860233573,Wear,4479.0,4182.635128201083,0.04056060800369794,4479.0,0.04340948162587843,1010.0,0.03626274460154596,1889.0,0.031266901966489256,4715.0,0.030408268269285554,4243.0,0.026313985634242695
747,2004.02.17.15.02.39,0.1385682427908943,2.2251644103888677,-0.1446606286136689,Wear,1009.0,4169.186714616702,0.03839420160555508,1009.0,0.03241705406821271,4478.0,0.030653310742016868,4714.0,0.026744756007820683,4256.0,0.022805108975688267,1888.0,0.020733945512512345
748,2004.02.17.15.12.39,0.1405953206527625,2.0884088755661026,-0.1316713518339742,Wear,1009.0,4189.6455875750835,0.03952048270202809,1009.0,0.040366395408413316,4491.0,0.03484533173977257,1888.0,0.032357489488033915,4727.0,0.02966782094991669,3540.0,0.021246891157207848
749,2004.02.17.15.22.39,0.1344781462772739,2.5143137121380645,-0.0683680406190931,Wear,1009.0,4165.888555659432,0.03616399682529124,1009.0,0.03408961166865569,4478.0,0.03058258346195282,4714.0,0.025831986954304303,3548.0,0.023491353120557827,4256.0,0.02222687770674898
750,2004.02.17.15.32.39,0.1405355472436155,2.029423852596696,-0.0453170028682196,Wear,4492.0,4187.307341680372,0.03949199403931487,4492.0,0.0400520062418731,1009.0,0.0368883276989918,1888.0,0.03298789152463085,4713.0,0.03171687110426096,4241.0,0.023756702359905756
751,2004.02.17.15.42.39,0.1395541734739036,2.174915562196098,-0.0914008024227015,Wear,4478.0,4171.313052500469,0.038942555681396554,4478.0,0.034779781862530806,1009.0,0.030927027902066112,4707.0,0.02560289798226765,4242.0,0.023461863431021177,3548.0,0.020840970862843852
752,2004.02.17.15.52.39,0.1350944430571512,2.2229778685297505,-0.0877227269969415,Wear,4478.0,4180.137588992265,0.03649183265674403,4478.0,0.03326332190442699,1009.0,0.030696020123024692,4714.0,0.02702414995814389,1888.0,0.02339207664601508,3548.0,0.02083653034805373
753,2004.02.17.16.02.39,0.135658014414925,2.11206565481906,-0.1733873901842237,Wear,4478.0,4220.499019187954,0.03679171642174675,4478.0,0.03139032530029144,1010.0,0.02858136602146348,4729.0,0.02148443385048776,1889.0,0.019490250817873794,4242.0,0.01806269194869558
754,2004.02.17.16.12.39,0.1349713608945199,2.25379768583854,-0.1034686882208997,Wear,1009.0,4208.457999667923,0.03642913136124319,1009.0,0.038725325391392035,1888.0,0.0339384904556288,4477.0,0.02943080631653619,4713.0,0.024814911024358677,3540.0,0.02205822470450759
755,2004.02.17.16.22.39,0.1318968998403677,2.279686743256488,-0.1824589126373735,Wear,1009.0,4203.291071019937,0.03478599773810873,1009.0,0.0357166879977966,4492.0,0.03094529968839866,3548.0,0.023111657999813608,4256.0,0.022263768617949528,1888.0,0.021991490714324016
756,2004.02.17.16.32.39,0.128517231942841,1.9454752438008256,-0.1313684536038298,Wear,1009.0,4180.056158420954,0.03302484176533483,1009.0,0.03534096698581817,1888.0,0.03419372218450328,4477.0,0.02965204082411861,3540.0,0.023861390860518725,4713.0,0.020950255658815715
757,2004.02.17.16.42.39,0.125892331385047,1.997542800174501,-0.1075119819920067,Wear,4492.0,4223.833539576419,0.0316894490930477,4492.0,0.03860065702258275,1009.0,0.03838051521835707,1888.0,0.0272585105462697,4728.0,0.025026548281862206,4256.0,0.024865580411594458
758,2004.02.17.16.52.39,0.1257634577866445,1.909259789834607,-0.1225229509827468,Wear,1010.0,4168.936116016341,0.031625296881478616,1010.0,0.029739137312568522,1889.0,0.028866801514938062,4493.0,0.02793086400760952,4257.0,0.023532760341025027,3534.0,0.019771237078995405
759,2004.02.17.17.02.39,0.1243603911410929,2.0802240990981096,-0.1335267700043586,Wear,1010.0,4181.631193794339,0.030921041388811375,1010.0,0.03924181698249099,1889.0,0.030741541858757205,4479.0,0.029804054585014964,3549.0,0.024372013980292,4730.0,0.021189130483956486
760,2004.02.17.17.12.39,0.1227486727827306,1.8499449241387067,-0.0786886758966911,Wear,1009.0,4192.699551751269,0.03012576840133229,1009.0,0.035259517023103544,1888.0,0.028180228395196828,4492.0,0.027491446454516205,4706.0,0.020381960813385825,3548.0,0.018511461646218797
761,2004.02.17.17.22.39,0.1205121024864437,1.8363394045741623,-0.0778795990452664,Wear,1009.0,4184.830419862861,0.02903768077187113,1009.0,0.04310165714979213,1888.0,0.029723012752116824,4491.0,0.026409815851159996,3547.0,0.021671207343906273,4255.0,0.019210053426252878
762,2004.02.17.17.32.39,0.1166632473457258,1.4947850896938135,-0.1193046837291084,Wear,1009.0,4142.268067717106,0.02721096564246145,1009.0,0.04079865639248291,1887.0,0.026899668846184145,4490.0,0.024679648778938475,3546.0,0.020641918854426632,3782.0,0.016858080165137415
763,2004.02.17.17.42.39,0.1179231764205381,1.7735457066958284,-0.1091590982330408,Wear,1009.0,4163.893871359602,0.027806792687960567,1009.0,0.038739745719540704,1887.0,0.030482955513309647,4489.0,0.02596380192295805,3531.0,0.02036311136967224,4253.0,0.01781798361273108
764,2004.02.17.17.52.39,0.1128586152715672,1.4246082301984373,-0.0758561789391327,Wear,1009.0,4159.810694244331,0.025462783448635493,1009.0,0.04091836543402219,1888.0,0.03151663820899668,4476.0,0.02196668988213163,3783.0,0.015893441679498205,4712.0,0.014330085212851885
765,2004.02.17.18.02.39,0.1124911624132924,1.552294876927517,-0.1629796665773571,Wear,1009.0,4113.895707292988,0.025300670858550048,1009.0,0.034928642418213404,1888.0,0.03138568059054816,3533.0,0.0189895455747524,4492.0,0.017973800614735354,3297.0,0.017724161412627806
766,2004.02.17.18.12.39,0.1113282717104296,1.330958797460965,-0.100008622013061,Wear,1009.0,4125.959209098336,0.024781738177708373,1009.0,0.038560151738674574,1887.0,0.03099033590575383,4475.0,0.016469256083898303,3767.0,0.014970162549140574,3303.0,0.0140909043464948
767,2004.02.17.18.22.39,0.1111174328659493,1.3866856891104478,-0.1641831282160322,Wear,1009.0,4109.950485527714,0.02468294566393576,1009.0,0.036470596680106514,1888.0,0.024525050333300526,4492.0,0.019375880804301443,3548.0,0.018099433840787587,3312.0,0.016756373807719337
768,2004.02.17.18.32.39,0.1108675049873017,1.6093428330193849,-0.1888901687528788,Wear,1009.0,4108.460583798319,0.02457781394619791,1009.0,0.030199274179912562,1888.0,0.026209624952430878,3548.0,0.017759971411703122,4492.0,0.014856904507215322,3312.0,0.014442989501160448
769,2004.02.17.18.42.39,0.1101719397071147,1.3689570075773425,-0.1317326690301738,Wear,1009.0,4141.452818040561,0.02427088273515828,1009.0,0.035319778857813504,1888.0,0.028464564977818924,3533.0,0.02049678936301426,4492.0,0.016521795802930405,3297.0,0.015406293711551854
770,2004.02.17.18.52.39,0.1100350765274703,1.273868225323242,-0.1547862477331709,Wear,1009.0,4121.650621435526,0.02420773351679649,1009.0,0.042406496434496566,1888.0,0.03323764331782896,4491.0,0.020722278247234473,3547.0,0.016050666511212446,3311.0,0.013779804363980915
771,2004.02.17.19.02.39,0.1070069605194418,1.2220807735566197,-0.1515965518399076,Wear,1009.0,4148.4293811006655,0.022896959370262877,1009.0,0.043102856274748046,1888.0,0.024611365005880566,3532.0,0.017310580246355355,3768.0,0.01438977636222266,3311.0,0.014076779768206597
772,2004.02.17.19.12.39,0.1072848457833893,1.073305002899736,-0.1502087660987868,Wear,1009.0,4135.0185721169255,0.023015044721406377,1009.0,0.0376190541733889,1888.0,0.03512228760550609,3540.0,0.01528800632412179,3304.0,0.015159754172873227,4477.0,0.015102956406797924
773,2004.02.17.19.22.39,0.1078177890459901,1.2331512796328292,-0.1398801368810436,Wear,1009.0,4135.644052928982,0.023238040540832564,1009.0,0.0434149780370684,1888.0,0.03073102852340767,3547.0,0.0168283738088315,4491.0,0.016006579133869128,3311.0,0.015834782532770646
774,2004.02.17.19.32.39,0.1057370178478633,1.1528874123752004,-0.1133422140112855,Wear,1010.0,4108.354492511413,0.02235077314458431,1010.0,0.02812399684034139,1889.0,0.02699558709731964,4478.0,0.017835084567706664,3541.0,0.015667313309424558,3305.0,0.015283131484557236
775,2004.02.17.19.42.39,0.1038526066885931,0.9432393234140064,-0.1403092427573264,Wear,1009.0,4091.8807503602707,0.021564418339663147,1009.0,0.03383113594082801,1888.0,0.025270582097637342,3548.0,0.01763097821216116,4470.0,0.015899669369419066,3297.0,0.014174825599484417
776,2004.02.17.19.52.39,0.1067898422611263,1.1755023973384349,-0.12762794921655,Wear,1009.0,4104.435476206901,0.02280199999359464,1009.0,0.04069176562193872,1888.0,0.03145247228583547,3532.0,0.01456237797300354,3311.0,0.014198053207814766,4476.0,0.01326324684165206
777,2004.02.17.20.02.39,0.1052975265226913,0.8799226510924183,-0.1383967775232865,Wear,1009.0,4129.699368879783,0.0221673571868738,1009.0,0.042853515715893464,1888.0,0.020053260020549843,3532.0,0.016498078479942512,3296.0,0.014232758425756525,3768.0,0.011766669954221926
778,2004.02.17.20.12.39,0.1042466285800768,1.0331776509628554,-0.0998853991377256,Wear,1009.0,4101.972174736672,0.021723185668046346,1009.0,0.0401962080533452,1888.0,0.03275817940390432,3547.0,0.01696168937260971,4476.0,0.013968227721387429,3783.0,0.012238314663094425
779,2004.02.17.20.22.39,0.1034635432660038,1.000355245197536,-0.1243333966379015,Wear,1009.0,4130.525689391155,0.02140544963759348,1009.0,0.040299599798610905,1888.0,0.029178147395141896,3533.0,0.016519563301400888,3297.0,0.01487721485302227,237.0,0.012381477710401457
780,2004.02.17.20.32.39,0.1030314727401292,0.9084447005643232,-0.0875176701883573,Wear,1009.0,4090.280625901479,0.02122049326851533,1009.0,0.03845758056256316,1887.0,0.03262463002661474,3531.0,0.017344229477020343,3767.0,0.013317580705231633,4475.0,0.012679415953200471
781,2004.02.17.20.42.39,0.0993244122418426,0.7717927254108252,-0.1187097113345476,Wear,1009.0,4137.355275970164,0.01972130262811997,1009.0,0.038027757660398384,1888.0,0.02927730264733984,3533.0,0.01489014737904984,3297.0,0.01166983791742867,3784.0,0.011479707363790262
782,2004.02.17.20.52.39,0.1027710552389235,0.9268405707904264,-0.074357899818457,Wear,1009.0,4128.500554833134,0.021117806563091483,1009.0,0.02908006438580965,1888.0,0.022955099245193324,3305.0,0.014612063050837745,3548.0,0.01371859874927335,51.0,0.010270057416125584
783,2004.02.17.21.02.39,0.1015104854786409,0.9667239500366184,-0.111147378854002,Wear,1009.0,4136.829309485984,0.020603178133398847,1009.0,0.02802441753915226,1889.0,0.021377400370873767,3312.0,0.013123756832272196,3548.0,0.012941244960828106,51.0,0.010874541508628538
784,2004.02.17.21.12.39,0.1005011113802821,0.6652145802848772,-0.1207717006506048,Wear,1009.0,4142.725013739761,0.02019273092937765,1009.0,0.03202102541403059,1888.0,0.02673689995888417,3541.0,0.013367567992427942,3305.0,0.012874828175861145,1180.0,0.010981906604921465
785,2004.02.17.21.22.39,0.099379905784963,0.7488124696956069,-0.1101675817646051,Wear,1009.0,4172.387602247719,0.019745488333157812,1009.0,0.03344329247297089,1888.0,0.026695279997643845,3548.0,0.013379965028191394,3312.0,0.012424780100157382,1180.0,0.01118031199820167
786,2004.02.17.21.32.39,0.1026071065304293,0.8222244311026881,-0.0699468672030448,Wear,1889.0,4194.714426055787,0.02104695936365198,1889.0,0.03631291477233862,1010.0,0.036128336255526035,3542.0,0.013151885317505425,3306.0,0.01198556959062928,1653.0,0.011965545683220419
787,2004.02.17.21.42.39,0.1000123454293581,0.6527158309279764,-0.1563396856453402,Wear,1009.0,4202.155188471935,0.019999086004818485,1009.0,0.03751654484914671,1888.0,0.03028787226756757,3297.0,0.012087841367514325,3533.0,0.01198745041916993,1652.0,0.011191995179162396
788,2004.02.17.21.52.39,0.1027661559682953,0.6411511578676281,-0.06649134295298,Wear,1010.0,4204.912779405893,0.02111329319524036,1010.0,0.039035714193858845,1889.0,0.03387790024456344,3306.0,0.013003212892578811,1653.0,0.01244176525280938,3542.0,0.011638721265902267
789,2004.02.17.22.02.39,0.100792440754658,0.688527101475187,-0.0538071170414777,Wear,1009.0,4220.6407257480605,0.020310169813639294,1009.0,0.03680238429178933,1887.0,0.03373559335297129,3531.0,0.012216778629506757,1651.0,0.011570765040991663,3295.0,0.01134505900448228
790,2004.02.17.22.12.39,0.1007172442099663,0.8693732490038779,-0.0430382926913859,Wear,1009.0,4230.733911897635,0.020278928321500512,1009.0,0.04084814575495548,1888.0,0.02861920996850569,3296.0,0.012782434352519155,1180.0,0.011963127339069388,3532.0,0.011235776766368217
791,2004.02.17.22.22.39,0.1021257556677213,0.8122074071808996,-0.0679772941465439,Wear,1009.0,4258.671978145226,0.020852953535866848,1009.0,0.03568342840288431,1888.0,0.030321114182039907,3548.0,0.011984452438423755,1180.0,0.011343980834264175,51.0,0.01103164217797211
792,2004.02.17.22.32.39,0.1027555945291118,0.7643725473661331,-0.0660021495477077,Wear,1010.0,4204.949831159923,0.021111890632421065,1010.0,0.02840792346656781,1889.0,0.024583395676366995,4714.0,0.013215980527563499,3312.0,0.011228445901951718,4950.0,0.010782974296743712
793,2004.02.17.22.42.39,0.1032472086014163,0.8305410434162077,-0.0761693616457563,Wear,1009.0,4275.356711340311,0.021312493855045432,1009.0,0.0378029610756839,1888.0,0.029154165019170033,4728.0,0.012765687988646097,1180.0,0.012093419089477225,4492.0,0.011980454512029467
794,2004.02.17.22.52.39,0.1047390101820054,0.8673107336548807,-0.0474128874591128,Wear,1009.0,4268.418244371773,0.021933213654116927,1009.0,0.0388935066426216,1888.0,0.03506926601103268,4713.0,0.013061536111605621,3540.0,0.012819589217495675,4491.0,0.012767501170660823
795,2004.02.17.23.02.39,0.1054604077719305,1.0399953829715909,-0.0040606152555797,Wear,1009.0,4264.96958175211,0.022234586433121074,1009.0,0.031255239839266966,1887.0,0.027701268397655344,4702.0,0.014110593938687724,1179.0,0.011084535573056135,4488.0,0.010774886241332014
796,2004.02.17.23.12.39,0.1041761897730234,0.9779203766262876,-0.0332286028097886,Wear,1009.0,4288.729135665993,0.021697347758659783,1009.0,0.041893553270342186,1888.0,0.02723501931492663,4712.0,0.013992228337089388,1652.0,0.01145672193724931,4483.0,0.011373177824390455
797,2004.02.17.23.22.39,0.1051293636690946,0.8677298220452299,-0.0079142635665198,Wear,1009.0,4306.763180978518,0.022098668632303184,1009.0,0.044214838158355196,1888.0,0.02515733683392736,4726.0,0.014499334201945624,4476.0,0.012574941800195333,4962.0,0.010783382648905193
798,2004.02.17.23.32.39,0.1030311933670605,0.9835885532070135,-0.0106392795603171,Wear,1009.0,4292.9633394837465,0.021223458872985032,1009.0,0.04131074513497166,1888.0,0.028198871299129742,4712.0,0.017576673653958413,4476.0,0.015054524959568502,4948.0,0.01270849119016143
799,2004.02.17.23.42.39,0.1061536697968003,0.9646319369650572,-0.0099011105853493,Wear,1009.0,4297.386434779703,0.02252817787754141,1009.0,0.04365722424776027,1888.0,0.030818492128560904,4705.0,0.015416664666573737,4491.0,0.015190301415751374,4941.0,0.013126752581449125
800,2004.02.17.23.52.39,0.1057892064492965,0.8522948759061766,-0.0287192874344315,Failure,1009.0,4287.660441036563,0.022372629959566254,1009.0,0.041104863597651004,1887.0,0.03278408649282364,4475.0,0.014571763636064876,4711.0,0.014366220783213465,4961.0,0.011930853671831205
801,2004.02.18.00.02.39,0.1062451287945858,1.0616526237676327,-0.0162953337348556,Failure,1009.0,4282.077285012603,0.022569124065616175,1009.0,0.04015352065802752,1887.0,0.03132226629438579,4475.0,0.017998464807427932,4711.0,0.016771749601261658,4947.0,0.013598705845334451
802,2004.02.18.00.12.39,0.1063695216990486,0.943261495800948,0.0236950137340241,Failure,1009.0,4270.514251087542,0.022617558334810654,1009.0,0.04003622741069342,1887.0,0.027738884411608773,4711.0,0.020593658163919462,4475.0,0.017659669730082896,4947.0,0.01584320173483823
803,2004.02.18.00.22.39,0.1059380247498065,1.0365573859673771,0.0419599163681305,Failure,1009.0,4300.879599155557,0.022439705947653942,1009.0,0.04192460679452702,1888.0,0.033163105748699497,4491.0,0.016347976894313766,4727.0,0.015914499248267294,4963.0,0.013905339052845881
804,2004.02.18.00.32.39,0.1089140454078783,1.0071678875967942,0.0431058963273918,Failure,1009.0,4289.465407748843,0.023714637949915688,1009.0,0.038333129221748724,1888.0,0.034061222210241354,4477.0,0.019342567161067404,4713.0,0.018309295482073194,4949.0,0.013957226907366347
805,2004.02.18.00.42.39,0.1074263562701648,0.9072687402430022,0.0268968887342603,Failure,1009.0,4287.581461248156,0.023070552228556963,1009.0,0.04410442152077715,1888.0,0.026774526649366328,4726.0,0.014499986808707545,4476.0,0.013987032336693015,4962.0,0.012766636212138222
806,2004.02.18.00.52.39,0.10872704274567,1.060751117656622,0.0806678389726326,Failure,1009.0,4298.605127030828,0.023636029536649568,1009.0,0.03878164582107943,1888.0,0.03346210662392678,4713.0,0.01872987515778413,4477.0,0.01627031574862443,1180.0,0.012420030944038289
807,2004.02.18.01.02.39,0.1102030913263808,1.030564302451337,0.0475996403244293,Failure,1009.0,4294.202412725218,0.024277601091093514,1009.0,0.030273800268891704,1888.0,0.02508187499617975,4492.0,0.018384901127760433,4714.0,0.017184087603046086,4950.0,0.011926645868068853
808,2004.02.18.01.12.39,0.109848707213888,0.9164351948112492,-0.0184259042847944,Failure,1009.0,4287.688557284558,0.024116583542859067,1009.0,0.0413182406577283,1887.0,0.0244483390577709,4726.0,0.020434286903410648,4490.0,0.019008163541669173,4962.0,0.01366291962103195
809,2004.02.18.01.22.39,0.1085599882319534,0.8935671532086928,-0.0036356697877891,Failure,1009.0,4279.9946934391755,0.023558771999381486,1009.0,0.03758747176378605,1888.0,0.0353577752982746,4477.0,0.015483890225251595,4713.0,0.014375689866198808,1180.0,0.013950562373217705
810,2004.02.18.01.32.39,0.109714385727428,0.8486574602590657,-0.006496539322708,Failure,1009.0,4294.84899680407,0.024065564413707295,1009.0,0.041658319084143636,1887.0,0.024907169650444396,4711.0,0.022638651448117414,4475.0,0.021035152790213712,4947.0,0.014850629967697818
811,2004.02.18.01.42.39,0.1102151444955359,0.906351215034003,0.0320043006859681,Failure,1009.0,4290.424690556279,0.024287420956071126,1009.0,0.035182812028383956,1887.0,0.03323469200294837,4710.0,0.02116214647850213,4489.0,0.01883704063208644,4946.0,0.012818979693256136
812,2004.02.18.01.52.39,0.1084292418505324,1.0126761241968207,0.0073197057843824,Failure,1009.0,4295.34337305129,0.023504331146378184,1009.0,0.041727829493485476,1887.0,0.026708862176877953,4726.0,0.02133691931248774,4490.0,0.018830888172582088,4962.0,0.012909790274714915
813,2004.02.18.02.02.39,0.1087873757162768,0.832382817194703,-0.0315173082519195,Failure,1887.0,4259.006635973676,0.02365251896375005,1887.0,0.03166612466110634,1009.0,0.029692903612968898,4724.0,0.02511964837767295,4488.0,0.018968230833540416,4960.0,0.01532431788177926
814,2004.02.18.02.12.39,0.1094551645955576,0.8226663722894187,0.0212237840280901,Failure,1009.0,4276.7390309934235,0.023953680924813217,1009.0,0.04364475000423114,4704.0,0.023324109778639707,1888.0,0.022180883245701357,4490.0,0.02158357908904006,4962.0,0.01494462081481707
815,2004.02.18.02.22.39,0.1102251037029592,0.8273301046767609,0.0081091216609612,Failure,1009.0,4265.436148495022,0.02428758491517534,1009.0,0.03780968986215099,1887.0,0.03414876143043003,4489.0,0.021933667267943994,4725.0,0.021310464497081388,4939.0,0.013551512900510862
816,2004.02.18.02.32.39,0.1100723627838892,0.9088525634526534,-0.0081605627871187,Failure,1009.0,4257.998254165045,0.024225528813945428,1009.0,0.04139227912675733,1887.0,0.024056063014071653,4490.0,0.022937096575252384,4726.0,0.020054423515797004,4940.0,0.01567412731379674
817,2004.02.18.02.42.39,0.1104909759288909,0.8800067254017039,0.0049617572680954,Failure,1009.0,4257.835618109643,0.024405911655587142,1009.0,0.03720460401513825,1887.0,0.03384650613433771,4711.0,0.02077323588396942,4475.0,0.019085360987894352,4947.0,0.012715652483122881
818,2004.02.18.02.52.39,0.1110823561316107,0.9103188476473094,0.0062913692229055,Failure,1009.0,4274.444980665014,0.024669968208754688,1009.0,0.04184846960993774,4704.0,0.023186491984483335,1887.0,0.02296689439508863,4490.0,0.019793551682876068,4940.0,0.015614999044702163
819,2004.02.18.03.02.39,0.1118109702417712,0.7821177360607572,-0.0330659868714664,Failure,1887.0,4242.091748339831,0.024993972302078372,1887.0,0.029189291684627017,1008.0,0.028246192476862875,4488.0,0.02157623793931074,4724.0,0.02060250814593328,4945.0,0.015461838129484673
820,2004.02.18.03.12.39,0.1137785534646825,1.0525077600426584,0.0703481234274203,Failure,1009.0,4294.093090097154,0.025883200138525464,1009.0,0.04352179756276719,1887.0,0.027895049481656088,4711.0,0.02222421664237519,4490.0,0.020444039204864553,4940.0,0.014468870422551858
821,2004.02.18.03.22.39,0.1112131285457679,1.0037087771263522,-0.0532524154474617,Failure,1887.0,4283.779718584391,0.024730601679069368,1887.0,0.035536802393701675,1009.0,0.03502974922973262,4725.0,0.02218037405896697,4489.0,0.02083319147004086,4961.0,0.015705115370838574
822,2004.02.18.03.32.39,0.1127984965772067,0.9866371510161294,0.0443681816109607,Failure,1009.0,4260.57226385569,0.025435156031389405,1009.0,0.04377393546834854,4490.0,0.025542834942580986,4704.0,0.024170588464094884,1887.0,0.022570004421219283,4940.0,0.01858821238732384
823,2004.02.18.03.42.39,0.1376068508837995,1.4340807064842034,0.0117234814727644,Failure,4710.0,4349.200017821059,0.037860242695089606,4710.0,0.04143512174609344,4489.0,0.03852922436091725,1887.0,0.03760110305185433,1009.0,0.035395224209409125,4946.0,0.026224364614334934
824,2004.02.18.03.52.39,0.137160508627495,1.427736582798958,-0.0752848815927722,Failure,1887.0,4327.439582453537,0.037616896976920694,1887.0,0.03801049981213481,4703.0,0.03619322808132749,1009.0,0.035433234244326865,4489.0,0.03534901588294528,4939.0,0.022638599601150094
825,2004.02.18.04.02.39,0.1358255587946355,1.5253678310169114,0.0082395400658821,Failure,4713.0,4330.581760860042,0.036888928013559225,4713.0,0.03725683944010635,4477.0,0.03654497717270447,1888.0,0.03382033753741314,1009.0,0.03335397331942234,4949.0,0.028059568912680008
826,2004.02.18.04.12.39,0.1412829227394892,1.3180243004515324,-0.0611720115624628,Failure,1009.0,4348.260966634279,0.03991379280986248,1009.0,0.03978934072866512,1888.0,0.03613448371576961,4477.0,0.03274269205062429,4705.0,0.0317744175986766,4949.0,0.01998474879690708
827,2004.02.18.04.22.39,0.1392439846307889,1.6541833883366015,-0.0380744474049968,Failure,1009.0,4320.377241189235,0.038768853140248465,1009.0,0.040388157296661925,4475.0,0.040192276015227096,4711.0,0.0396105466715729,1887.0,0.029113523945254488,4947.0,0.02684915947620363
828,2004.02.18.04.32.39,0.1414921439749946,1.3526310858658794,-0.0040101830363458,Failure,1009.0,4342.460938536883,0.04002812014936751,1009.0,0.04428565059775283,4712.0,0.03771025587695544,4476.0,0.035958910738628426,1888.0,0.033075383098430076,4948.0,0.021902146639108448
829,2004.02.18.04.42.39,0.1454615141527455,1.4379920350952462,-0.03334219160927,Failure,4492.0,4335.57266585353,0.042307736061221894,4492.0,0.0419365233273252,4728.0,0.03875151836423204,1009.0,0.034057307762902236,1888.0,0.033116158339659515,4964.0,0.026693689552228023
830,2004.02.18.04.52.39,0.1422660970955923,1.4857916003122569,-0.0529089364161842,Failure,4492.0,4327.22245892829,0.040471448400733766,4492.0,0.03905930782187233,4706.0,0.03689804897318328,1009.0,0.033903091738713864,1888.0,0.028791174317304536,4942.0,0.024276023209127823
831,2004.02.18.05.02.39,0.1484851683328801,1.6212744292805032,-0.0914119430666453,Failure,4713.0,4355.377993531408,0.04408766924797338,4713.0,0.04288130697945028,4477.0,0.03912700595181224,1009.0,0.03813829400198616,1888.0,0.035600871120075005,4949.0,0.02889238854822044
832,2004.02.18.05.12.39,0.1473412064003672,1.7901524761320955,-0.0295417124789981,Failure,4727.0,4356.411599553261,0.04340677613876627,4727.0,0.04979318372596065,4491.0,0.04957379858781871,1009.0,0.04051567138699491,1888.0,0.03855628624623328,4963.0,0.035651559181007035
833,2004.02.18.05.22.39,0.1502073183189238,1.604501405928647,-0.0267674576917511,Failure,4491.0,4359.003782680826,0.04511480251415195,4491.0,0.04302215774089022,1009.0,0.03863136944866085,4727.0,0.038433842384415856,1888.0,0.03783811178490173,4963.0,0.024107240534706142
834,2004.02.18.05.32.39,0.1523604708772505,1.8112709395100897,-0.0330314518706368,Failure,1009.0,4380.868828498588,0.046418180513382014,1009.0,0.04196414614899018,4491.0,0.04146396623381447,4727.0,0.03866147558748628,1888.0,0.03278572110705381,4948.0,0.025615279332930396
835,2004.02.18.05.42.39,0.1579747311244052,1.7398433612694593,-0.0316033638336527,Failure,4474.0,4350.656612271225,0.049901916382663926,4474.0,0.04838031705787263,4710.0,0.04550204164853888,1887.0,0.036011431143181984,1009.0,0.02847646719010385,4960.0,0.026932693220975874
836,2004.02.18.05.52.39,0.1564260849997831,2.043003855422814,-0.0602316637733575,Failure,4491.0,4373.359214280006,0.04893023434545813,4491.0,0.048987085838102684,4727.0,0.047512782520864404,1009.0,0.03974056936067369,1888.0,0.03849614654469141,4963.0,0.03170109257401018
837,2004.02.18.06.02.39,0.1585508618117542,1.7222144144207403,-0.0504929263300382,Failure,4491.0,4366.482339118247,0.05027183242518353,4491.0,0.045381645638720325,1009.0,0.04202151441741494,4712.0,0.040295364011712485,1888.0,0.030922221777944642,4948.0,0.02677408593996777
838,2004.02.18.06.12.39,0.161853690380676,1.6780698803653469,-0.0607560046739617,Failure,4490.0,4367.206624764995,0.05238422092838022,4490.0,0.05046878083140153,4711.0,0.04622217283533392,1009.0,0.03956845466150256,1887.0,0.032131233567811765,4254.0,0.0292113036060021
839,2004.02.18.06.22.39,0.1632484297158398,2.0147890195042253,-0.0392492265207076,Failure,4490.0,4397.11109243094,0.053292511381794014,4490.0,0.048975348621962164,4726.0,0.044550282673132456,1009.0,0.04218434615780889,4940.0,0.02971802020482014,4254.0,0.025994212762570038
840,2004.02.18.06.32.39,0.161177885703479,1.797566551405458,-0.0595620674362826,Failure,4489.0,4355.855056852387,0.051947232497133206,4489.0,0.04326288173570225,4725.0,0.04326095131714215,1009.0,0.03882853149892862,1887.0,0.0385839175790364,4961.0,0.02975585112221062
841,2004.02.18.06.42.39,0.1638602615118576,1.9389616056842731,-0.0527473879080823,Failure,1009.0,4379.0101482567,0.053691040597134816,1009.0,0.04401570454577426,4726.0,0.042278469090876125,4490.0,0.04223535778562884,4940.0,0.030065409789286415,1888.0,0.02652861450587153
842,2004.02.18.06.52.39,0.1641407356615524,1.7150538029522142,-0.0785851097325375,Failure,4476.0,4352.120090587944,0.05387146064143866,4476.0,0.04788682431703891,4712.0,0.0458756001446358,1009.0,0.04122601592141084,1888.0,0.03803971539643505,4948.0,0.03198630290018347
843,2004.02.18.07.02.39,0.1652286817872618,1.9828216546950328,-0.0734236566358555,Failure,1009.0,4361.678253810198,0.05459166960701384,1009.0,0.04226014100529295,4476.0,0.041348710033156315,4712.0,0.03797829662510361,1888.0,0.028733831677993583,4962.0,0.02538220748608613
844,2004.02.18.07.12.39,0.1666570303692117,2.070871004476122,-0.0378697694676668,Failure,4477.0,4392.773873057412,0.055538834268949,4477.0,0.05596158730246627,4713.0,0.052073798010512165,1888.0,0.0374738551223913,1009.0,0.035294852828149974,4949.0,0.03513342796469221
845,2004.02.18.07.22.39,0.1676587770662298,2.181972050930778,-0.051197906703095,Failure,4707.0,4348.52885957411,0.05621436385498232,4707.0,0.049976237458755346,4478.0,0.04947098570442957,4943.0,0.03481852840516813,1010.0,0.03114371798003628,1889.0,0.029701652879139753
846,2004.02.18.07.32.39,0.1664917103029738,2.246652075464767,-0.018545103252822,Failure,4493.0,4372.39433026926,0.05542982322081118,4493.0,0.04749914996701543,4729.0,0.04278499554428658,1889.0,0.036137389243533345,1010.0,0.029797315166926998,4951.0,0.028873437692313556
847,2004.02.18.07.42.39,0.1642181358516108,2.048758309317642,-0.0726271109551205,Failure,4493.0,4351.993704534886,0.053928318852658357,4493.0,0.045212579778143115,4715.0,0.043836029131223996,1889.0,0.035326814775702944,1010.0,0.034892759170420805,4951.0,0.027566481195148363
848,2004.02.18.07.52.39,0.1702835500051128,1.7639682780390604,-0.0875731543230991,Failure,4493.0,4351.929326660479,0.05798262288273014,4493.0,0.04834539935255705,4715.0,0.04499507545841661,1889.0,0.03957513655669829,1010.0,0.032836535364179124,4257.0,0.0302977207662612
849,2004.02.18.08.02.39,0.1736250683382695,1.9486580019141284,-0.0285797159259045,Failure,4478.0,4344.240642947498,0.06028489723783144,4478.0,0.052625009527755895,4714.0,0.04850025458958626,4242.0,0.029381528920446116,1009.0,0.02922676672644064,4950.0,0.02779176669876897
850,2004.02.18.08.12.39,0.1729865488809751,1.8538147939928216,-0.0979647691110277,Failure,4493.0,4376.154204385361,0.059841854993564814,4493.0,0.05869150872293854,4729.0,0.05386515719466729,4965.0,0.03400684918096984,1889.0,0.032102586774463114,4242.0,0.030455312602646747
851,2004.02.18.08.22.39,0.173294136130417,1.9501769099867907,-0.094093248826964,Failure,4478.0,4374.26046585907,0.06005316356014906,4478.0,0.04839217270143614,4707.0,0.042210361985184464,1010.0,0.02883258264300298,4943.0,0.027262401284870466,4242.0,0.026504865430177493
852,2004.02.18.08.32.39,0.1684884876155768,1.923412204252612,-0.0995516891241924,Failure,4478.0,4357.970631437142,0.056763622894063816,4478.0,0.04775838195134757,4714.0,0.04293275663791395,1009.0,0.0323710337238234,4256.0,0.027919548781119026,1888.0,0.027364366401396997
853,2004.02.18.08.42.39,0.1629254003646588,1.854188484898926,-0.0899559130237634,Failure,4492.0,4314.6950765541715,0.05307227932530505,4492.0,0.05906076658264034,4728.0,0.047478476539443315,1009.0,0.03224884995591547,4256.0,0.03196790735538917,1888.0,0.027463002246379688
854,2004.02.18.08.52.39,0.1610574537796023,1.866960290933977,-0.1114127228016023,Failure,4492.0,4283.39697502794,0.05187466435501054,4492.0,0.04911446744461035,4714.0,0.04026231704033003,1009.0,0.031522351824001114,4256.0,0.02747986158434861,4950.0,0.026417658116486272
855,2004.02.18.09.02.39,0.1632516828791992,1.88557456362995,-0.1450994003320889,Failure,4492.0,4288.39356430061,0.05329372668515263,4492.0,0.05384130987251817,4706.0,0.04499722449902602,4256.0,0.03320860111061413,1009.0,0.03214038811999078,1888.0,0.03050377662200492
856,2004.02.18.09.12.39,0.1655804530304868,2.042238958693524,-0.1021852488922587,Failure,4491.0,4270.242893020923,0.05481659668419529,4491.0,0.04806565232881371,4727.0,0.040335794427638315,1009.0,0.03882812120104693,1888.0,0.03849068021562915,4255.0,0.02958923666578053
857,2004.02.18.09.22.39,0.1713765109228617,1.9705789740506277,-0.0893823376707616,Failure,4493.0,4262.9874980662335,0.05873086651170593,4493.0,0.051813184244131276,4715.0,0.043799807670364906,4257.0,0.03413185875471061,1889.0,0.03272060135559714,1010.0,0.03159606420129188
858,2004.02.18.09.32.39,0.1615881583228061,1.6569415578388549,-0.1704450391297974,Failure,4479.0,4260.117665487263,0.05221724275140413,4479.0,0.04450576739171503,4715.0,0.03802072022489801,1889.0,0.036020615289316646,1010.0,0.03470725618407592,4257.0,0.02904447573495258
859,2004.02.18.09.42.39,0.1604859989512325,1.985390302185132,-0.1038083784155774,Failure,4478.0,4259.147035743122,0.051503314992510554,4478.0,0.05186680368488594,4714.0,0.04135219083598746,4242.0,0.028561276721505453,1010.0,0.027058218518934574,4950.0,0.023514550813819333
860,2004.02.18.09.52.39,0.1626412782795026,1.7371857208364905,-0.1503320649166087,Failure,4493.0,4247.781480954998,0.05289746179799943,4493.0,0.05605534254471975,4729.0,0.04582809053075027,4242.0,0.03253536899967364,1889.0,0.029935582155587823,1009.0,0.027044734886349894
861,2004.02.18.10.02.39,0.159670972878849,1.9300105775150935,-0.2238139166301972,Failure,4490.0,4257.2853165635825,0.05097834559068819,4490.0,0.054367487413312925,4726.0,0.043864915550125026,1009.0,0.04294185946471163,4254.0,0.035235055402637654,4962.0,0.024140568308816102
862,2004.02.18.10.12.39,0.1652396198931172,1.6979109469031748,-0.1673559495409295,Failure,4476.0,4286.00648691608,0.05459953272691491,4476.0,0.049755847268444606,1009.0,0.04055073545927519,4712.0,0.039858333065076385,1888.0,0.03247100153891518,4255.0,0.0280647828860719
863,2004.02.18.10.22.39,0.1635231001934436,1.797294405900856,-0.1686909341896882,Failure,4478.0,4252.866126496875,0.05347621354067804,4478.0,0.05151090629239721,4714.0,0.044098417861865205,1009.0,0.030361972775321763,4242.0,0.029464016673280993,1889.0,0.023414890422941814
864,2004.02.18.10.32.39,0.1618130805802639,1.8622805302434573,-0.1542554143459095,Failure,4492.0,4269.6254032386105,0.05235643348083795,4492.0,0.05368726403844953,4728.0,0.043022851662048056,1009.0,0.037099340210434706,1888.0,0.036305289975274345,4256.0,0.033683667963157825
865,2004.02.18.10.42.39,0.160143884736069,1.8024402637382264,-0.1194750635856015,Failure,4479.0,4251.760301546315,0.05128247237203145,4479.0,0.05171199069879127,4715.0,0.04163598009372939,1889.0,0.03773177351923262,1010.0,0.037717823777156295,4243.0,0.030349604840379643
866,2004.02.18.10.52.39,0.1536215474273852,1.9897856647817396,-0.2460716480050523,Failure,4493.0,4255.352310142217,0.04719381661299134,4493.0,0.041032981208939195,1010.0,0.03721912008523198,1889.0,0.03446916555142229,4715.0,0.03397274707106203,4257.0,0.02812921231103469
867,2004.02.18.11.02.39,0.1511838291462169,1.9097440860459336,-0.2504137519454045,Failure,1009.0,4272.784225833155,0.0457010089289507,1009.0,0.043253872944429644,4476.0,0.042983547878267074,4726.0,0.034922205680062456,4240.0,0.028926982856717843,1888.0,0.025824976971152498
868,2004.02.18.11.12.39,0.1498162667053589,2.010027807180683,-0.2006092108061188,Failure,4492.0,4251.735420921874,0.044882985790727005,4492.0,0.048327926735962756,4728.0,0.03627989822926796,1009.0,0.03381189598497771,1888.0,0.030698844563306762,4256.0,0.030167753980687096
869,2004.02.18.11.22.39,0.149335195075646,1.8515875312725705,-0.2266428542048798,Failure,4492.0,4239.5031121865495,0.04459505676445089,4492.0,0.044763017007215064,4728.0,0.03439115963533899,1009.0,0.03297788747275016,4256.0,0.03265144333185396,1888.0,0.031342416290157986
870,2004.02.18.11.32.39,0.1498185816975818,1.824710659518746,-0.2217653343456522,Failure,1009.0,4262.968634233444,0.04487900340585613,1009.0,0.04250078695141222,4491.0,0.04096560349194313,4712.0,0.033377860734044314,1888.0,0.03289673226766989,4255.0,0.02634568161248986
871,2004.02.18.11.42.39,0.149862981364958,2.1437787973431317,-0.1816334420582538,Failure,4492.0,4248.698558803823,0.044905464920510375,4492.0,0.049164184340916045,4728.0,0.0361875170802286,4256.0,0.033122464222687435,1009.0,0.03311332384605138,1888.0,0.029569026888427066
872,2004.02.18.11.52.39,0.1671836753359254,2.348869356891683,-0.2521778034926367,Failure,4494.0,4260.173114568598,0.055893102567577235,4494.0,0.056484126809241954,4730.0,0.0419207783428981,1010.0,0.040129123587977135,1889.0,0.03689538580118559,4258.0,0.03548324962758585
873,2004.02.18.12.02.39,0.1699991703506869,2.207939092072202,-0.2761867034088642,Failure,4476.0,4244.149980020875,0.057789191234271176,4476.0,0.048379056982288525,1009.0,0.04298764481681415,4712.0,0.037655323138223215,4240.0,0.034007115290452805,1888.0,0.027940155213048174
874,2004.02.18.12.12.39,0.1603672281096187,2.159949000136546,-0.3113723702897698,Failure,4489.0,4211.683718810691,0.051416879180532164,4489.0,0.04290261653167449,1009.0,0.03963250328797021,1887.0,0.037131134743940745,4725.0,0.036592274005993464,4239.0,0.02681664933580904
875,2004.02.18.12.22.39,0.1594284300757122,2.3122078844081697,-0.2831181648361703,Failure,4476.0,4221.546603360813,0.05082418019818918,4476.0,0.05056908011862557,1009.0,0.0414811253616439,4240.0,0.036195011515139965,4712.0,0.03514614195361072,1888.0,0.03006917108330945
876,2004.02.18.12.32.39,0.1593988131719461,1.935710532877096,-0.2260298882977095,Failure,1009.0,4225.379491131326,0.05080726613031661,1009.0,0.04295309779029653,4476.0,0.040209754566393044,1888.0,0.030781396329744137,4726.0,0.02926334836413987,4240.0,0.027113098466574975
877,2004.02.18.12.42.39,0.1543721764038333,2.0163595484224395,-0.2166872993386209,Failure,4476.0,4204.837330256691,0.04764648123347239,4476.0,0.044115351110930734,1009.0,0.04257672190910688,1888.0,0.03462139459020568,4712.0,0.030853932076243224,4240.0,0.029334899318180032
878,2004.02.18.12.52.39,0.150218535631478,1.9590216132875489,-0.2370123538629667,Failure,4491.0,4195.868446712768,0.045123031087370966,4491.0,0.04355643546535614,1009.0,0.042107429254507896,1888.0,0.036334894010036714,4255.0,0.03042704390009895,4727.0,0.02879411655766841
879,2004.02.18.13.02.39,0.1537879396152174,2.3246693265761538,-0.2185143927964665,Failure,4489.0,4245.489429549958,0.04729336731937436,4489.0,0.04187213833023529,1009.0,0.037269300648043686,1887.0,0.03600796835471729,4703.0,0.0312953782818467,3531.0,0.024467281424236112
880,2004.02.18.13.12.39,0.1555949155158194,2.143193923902857,-0.2198977058378289,Failure,4475.0,4268.327344868245,0.048403862460312135,4475.0,0.04339411117761949,1009.0,0.04065627299202644,1887.0,0.037000706242728394,4711.0,0.030872190705358606,4254.0,0.03041483591786012
881,2004.02.18.13.22.39,0.1519002160458161,2.4133470314032266,-0.2739881794386947,Failure,1009.0,4264.444537385687,0.04613366211969379,1009.0,0.04446191218282319,4476.0,0.0365924691729714,1888.0,0.030371877901422803,4240.0,0.028699697234218408,3532.0,0.02645709551108364
882,2004.02.18.13.32.39,0.1502383227185436,2.7027362077148758,-0.2640141466856439,Failure,1887.0,4272.269002188263,0.04513456400212103,1887.0,0.0396813302169316,1009.0,0.03856556225447589,4475.0,0.033208662254613885,4239.0,0.0288970386635493,4711.0,0.02372411682579846
883,2004.02.18.13.42.39,0.1519778949926806,2.34280981199709,-0.2527532318933806,Failure,1009.0,4255.887675300523,0.046184995750442,1009.0,0.039434873075095564,4477.0,0.038057481700068806,1888.0,0.036256906897694806,4241.0,0.029963197828598444,3533.0,0.027000890707897914
884,2004.02.18.13.52.39,0.1554629642453569,2.4550896454244606,-0.2826415045061952,Failure,4492.0,4280.940374976766,0.04831976497253249,4492.0,0.03878193587149661,944.0,0.03445879264027773,1888.0,0.031855405970495645,4256.0,0.029321365279399866,4728.0,0.02824664957988214
885,2004.02.18.14.02.39,0.155925308735615,2.241556979939596,-0.2351845224531844,Failure,1009.0,4292.589572397143,0.048618018864627154,1009.0,0.04463310921945155,4476.0,0.0379190613800125,1888.0,0.02871084573052798,4240.0,0.02708068671415624,3532.0,0.026412031241437102
886,2004.02.18.14.12.39,0.1553426839696373,2.617530006241532,-0.1282857090451546,Failure,4476.0,4333.822527415416,0.04825018516758887,4476.0,0.041714873591246024,1009.0,0.04140325376294478,1888.0,0.03495611268078255,4240.0,0.03132662717623273,4712.0,0.027592277485510838
887,2004.02.18.14.22.39,0.154439128886594,2.784423139432196,-0.1713738248327954,Failure,4492.0,4328.786455151385,0.04769961559334662,4492.0,0.040943607480249965,944.0,0.03675945049878696,4256.0,0.030876200227966402,1888.0,0.03086395270708503,3548.0,0.028113552335453453
888,2004.02.18.14.32.39,0.1553537588243663,2.61616408241109,-0.2874570594797429,Failure,4476.0,4330.63597606002,0.048260784904191625,4476.0,0.04356945518185576,1009.0,0.040601461081041776,1888.0,0.034007023626691446,4240.0,0.0322491170667421,4712.0,0.030235226560427587
889,2004.02.18.14.42.39,0.1636656377093154,2.826460757283755,-0.2556832077288674,Failure,1009.0,4320.7935047291585,0.05356574766140015,1009.0,0.04261146903622814,4475.0,0.039841208890402546,1887.0,0.035267748338377446,4239.0,0.030674570638018445,4711.0,0.02921006964718903
890,2004.02.18.14.52.39,0.1562463933958757,2.986025426473298,-0.2770947793780192,Failure,4475.0,4349.711606894121,0.048818209316403356,4475.0,0.048813693727368754,1009.0,0.03948241955250301,1887.0,0.036926920238511164,4711.0,0.033185590626932535,4239.0,0.03118648560122106
891,2004.02.18.15.02.39,0.145387459832554,2.500774861310396,-0.2866468302396829,Failure,1009.0,4269.464288841895,0.042262100153838966,1009.0,0.03581790615660635,1887.0,0.03556838557445773,4489.0,0.03377069349797023,4253.0,0.025811445084026365,4703.0,0.023041321008668632
892,2004.02.18.15.12.39,0.1357511096438303,1.8574887282894077,-0.2550957718975143,Failure,1009.0,4095.2829734726174,0.03685042408239834,1009.0,0.04232698074830556,1887.0,0.026556620300488828,708.0,0.025236986141477492,4490.0,0.022551889346151096,3546.0,0.021611323379508676
893,2004.02.18.15.22.39,0.1319658662069476,1.7284183537364086,-0.1838940094452281,Failure,944.0,4114.170276361727,0.03481535456283941,944.0,0.04311529291105069,1888.0,0.033496169348631935,708.0,0.027922308850066902,3533.0,0.024874057892067272,1180.0,0.022974755525566732
894,2004.02.18.15.32.39,0.1255796458863358,1.1700207117382746,-0.1890965077248932,Failure,1009.0,4076.773240216347,0.03153090875479994,1009.0,0.040268245074157806,708.0,0.025680957258213073,3532.0,0.02466762900676624,1887.0,0.024358124527043928,1180.0,0.02049818409659142
895,2004.02.18.15.42.39,0.122505292655116,0.7577765261606118,-0.133435717974904,Failure,1009.0,4021.3265355942112,0.030004517642375474,1009.0,0.03801779815001974,1887.0,0.036245808889473256,708.0,0.024258295888733676,3531.0,0.023717160547470837,3295.0,0.020507403846257294
896,2004.02.18.15.52.39,0.1219323144479781,0.8535628017026946,-0.121242595234968,Failure,1009.0,4071.889701538786,0.02972949515788323,1009.0,0.035841119190779896,1887.0,0.034330313604156955,3545.0,0.023173167645378516,708.0,0.02234533912752675,1179.0,0.020320926169994945
897,2004.02.18.16.02.39,0.1188806491412053,0.7442252875255817,-0.0628648992638151,Failure,944.0,4080.3798405175567,0.028251008050964994,944.0,0.040763874456671984,1888.0,0.02742335498113503,708.0,0.026940743400037617,3548.0,0.024931097457841046,1180.0,0.024575787472435787
898,2004.02.18.16.12.39,0.1212316783032337,0.7446591645433762,0.0034635156321588,Failure,944.0,4137.237225855435,0.029382411520592983,944.0,0.04408539332612166,708.0,0.030419267479754705,1888.0,0.027713072174319165,3532.0,0.024247682744836685,1180.0,0.023468802395235147
899,2004.02.18.16.22.39,0.1201982247473808,0.6216526602009442,0.0151375648006303,Failure,944.0,4161.846613695912,0.028885029125893455,944.0,0.044937565141571184,1888.0,0.0350473625226007,708.0,0.029867521223604428,1180.0,0.025006241620699032,3547.0,0.02017705009211778
900,2004.02.18.16.32.39,0.1207111384880373,0.6546762590964947,-0.0381479411691812,Failure,1009.0,4145.726049109863,0.029135747181463556,1009.0,0.042759550520121946,708.0,0.028453018324779707,1888.0,0.023218392372456372,3532.0,0.02150192544109587,1180.0,0.020766827587002136
901,2004.02.18.16.42.39,0.1260182390847898,0.6512671864651218,-0.0090779990613641,Failure,944.0,4121.289768256428,0.03175226265296714,944.0,0.04321775048014558,708.0,0.02996103547861074,1888.0,0.02572900973932525,1180.0,0.022980632427056984,4726.0,0.022003064652903893
902,2004.02.18.16.52.39,0.1288969794014899,0.7079267107692919,-0.0291842222160564,Failure,944.0,4152.0164347421205,0.03322011862355723,944.0,0.046666064121534984,1888.0,0.0332454471323445,708.0,0.030227111015899845,1180.0,0.0241310539001138,4713.0,0.02329880634415811
903,2004.02.18.17.02.39,0.143866582650439,0.8912405209916154,-0.0508896181569841,Failure,944.0,4179.0855644329595,0.0413882063358087,944.0,0.048922158682999387,4491.0,0.038779352913376613,4727.0,0.038654502529537865,1888.0,0.03273102306680419,708.0,0.03216755607887967
904,2004.02.18.17.12.39,0.1530643899497957,0.942993069277872,-0.1122825369483,Failure,944.0,4273.627443343536,0.04684456831373885,944.0,0.04885906126333329,4491.0,0.04091851004737948,4727.0,0.04004435286779472,1888.0,0.03413942171423206,708.0,0.03325683197738398
905,2004.02.18.17.22.39,0.1662419896448961,1.348028731376786,-0.1538240012221991,Failure,4490.0,4277.599370135732,0.05526220145610802,4490.0,0.04365765086656673,1009.0,0.042315307635406425,4711.0,0.0418853393752818,708.0,0.030932133853378396,1887.0,0.029005878523148218
906,2004.02.18.17.32.39,0.1754550098972579,1.183291689599853,-0.1958372637178539,Failure,4488.0,4275.473609963844,0.06155850322750949,4488.0,0.057063655754237275,4724.0,0.05151425879435642,943.0,0.043862955372826945,4945.0,0.028489168690560562,1887.0,0.02685764758065088
907,2004.02.18.17.42.39,0.1828518619483234,1.385662486057388,-0.1474993992217441,Failure,4490.0,4295.559565737926,0.06685765597583399,4490.0,0.05112566291674017,4726.0,0.050169694534271496,944.0,0.04638920350697104,708.0,0.033669024832274436,4962.0,0.030099374813653303
908,2004.02.18.17.52.39,0.1830478103635939,1.2336770503160857,-0.185612125567444,Failure,4490.0,4243.107912681812,0.06700497736748921,4490.0,0.05859650260653069,4711.0,0.052799751222656614,944.0,0.04282982333885913,4254.0,0.03093565123352045,708.0,0.030151873948515203
909,2004.02.18.18.02.39,0.1843409130301704,1.3033661897808928,-0.1907354925191313,Failure,4491.0,4275.635346649777,0.06794558420029531,4491.0,0.06306136192031392,4727.0,0.052291587045526146,944.0,0.04820183028309666,708.0,0.035123044207394497,4255.0,0.032301997797922116
910,2004.02.18.18.12.39,0.1736957100996776,1.0203749635404202,-0.124675867376542,Failure,4491.0,4211.317427222179,0.0603291988252432,4491.0,0.06461093314956104,944.0,0.04938096999799291,4727.0,0.044780996879099325,708.0,0.03511875706439678,4255.0,0.0288973618105612
911,2004.02.18.18.22.39,0.1651021159507238,1.067268555058079,-0.201966999536157,Failure,4491.0,4212.123601389811,0.05451100839365321,4491.0,0.05370073229821051,944.0,0.04929532372896911,4727.0,0.038528150127853496,708.0,0.03734216470057083,1888.0,0.02514035978574643
912,2004.02.18.18.32.39,0.1731774106983121,1.146197452969874,-0.2219575504852191,Failure,4477.0,4227.268059826841,0.059972798254983764,4477.0,0.0543948510811148,944.0,0.053250491559797254,708.0,0.03831642225882614,4727.0,0.036661668365648645,1888.0,0.02775214189606296
913,2004.02.18.18.42.39,0.1776919524921394,1.3526061061171646,-0.2817775343466567,Failure,4476.0,4228.35078522317,0.06314215410225277,4476.0,0.05859920613651553,944.0,0.04921975789819033,4712.0,0.045956124035214124,708.0,0.03587882231020353,4240.0,0.031188071092438027
914,2004.02.18.18.52.39,0.1765543943106221,1.339958487414516,-0.2645034183124479,Failure,4491.0,4220.9745558509785,0.06233454106460366,4491.0,0.06118167467268613,944.0,0.053442664389709654,4727.0,0.03862349119481919,708.0,0.037285927568931974,4255.0,0.03115122811246226
915,2004.02.18.19.02.39,0.1930376841701268,1.830056361432022,-0.3603035922234343,Failure,4475.0,4184.797419288573,0.07451198561402339,4475.0,0.06374966789106863,4725.0,0.043850926751982086,1009.0,0.041183260698834386,1887.0,0.03893797832214929,708.0,0.035779021168120866
916,2004.02.18.19.12.39,0.1769176388259078,1.3679778747043594,-0.3393154272723732,Failure,4489.0,4129.8686751779005,0.06258769146413157,4489.0,0.055503119803884476,1887.0,0.04131684601360605,943.0,0.03997846490526841,4710.0,0.03484950304772504,4253.0,0.03336793001342933
917,2004.02.18.19.22.39,0.1710150259811345,1.6965917277658908,-0.3344773035146301,Failure,944.0,4171.80285565085,0.05848806551687824,944.0,0.05382540377365019,4490.0,0.04472104354087058,708.0,0.0391765200346022,1888.0,0.03455617440248455,4240.0,0.030560108953290633
918,2004.02.18.19.32.39,0.1751558074537228,1.7447864206890555,-0.3292469524712338,Failure,4490.0,4138.456996205777,0.061347183299596514,4490.0,0.05729882038457093,944.0,0.049955328119046766,708.0,0.03927054174746702,4254.0,0.038583590757763034,4726.0,0.032627042730286486
919,2004.02.18.19.42.39,0.1699385273449545,2.255060008475886,-0.4507716038414758,Failure,944.0,4074.971869497733,0.057747642975606576,944.0,0.05495147248975629,1888.0,0.04579332651339962,708.0,0.04350747471184738,4476.0,0.041252082275451234,4240.0,0.032924952529474256
920,2004.02.18.19.52.39,0.1755212735837703,2.0630298792829587,-0.4857158727636599,Failure,944.0,4049.4327644165037,0.0616083670597181,944.0,0.05239072602662503,4490.0,0.04606435130271855,708.0,0.04105057298435136,4254.0,0.03704499225810544,1887.0,0.03627348803742226
921,2004.02.18.20.02.39,0.1695960599045751,2.1145702826278567,-0.4971611916160733,Failure,943.0,4098.553784190197,0.05751328367421426,943.0,0.05398121048986674,1887.0,0.05052417158029785,4488.0,0.03954279619088755,4252.0,0.032646130095944345,707.0,0.030054136185464733
922,2004.02.18.20.12.39,0.1845981164573717,2.4108261616448203,-0.5200580426597082,Failure,1887.0,4141.997742501183,0.06814476837727072,1887.0,0.055218435650337454,944.0,0.049424546548997424,4490.0,0.04097850414294908,708.0,0.04082335996407641,4254.0,0.03772173928429105
923,2004.02.18.20.22.39,0.1796533054420374,2.008146048458189,-0.4343205614019899,Failure,1888.0,4169.734519448011,0.06454190390586995,1888.0,0.0701334475188911,944.0,0.0622870191087011,708.0,0.04678554521859027,4477.0,0.036826406169993824,4241.0,0.03438520952488476
924,2004.02.18.20.32.39,0.1715689192218938,1.3135115993832214,-0.2936082830587539,Failure,1888.0,4060.5630533629796,0.05886273058080162,1888.0,0.0681631639145936,944.0,0.06346110720043004,708.0,0.047383759974490014,3783.0,0.03502003954601231,3547.0,0.03460105337039148
925,2004.02.18.20.42.39,0.1692448004821252,1.0764268059592403,-0.1767362827877023,Failure,944.0,4058.7558187944337,0.05727865349358647,944.0,0.061061679762749135,1888.0,0.05994113366314041,708.0,0.04729335837516559,3768.0,0.03417621358946751,3532.0,0.033451008931151605
926,2004.02.18.20.52.39,0.1579695922949849,0.7112063302087432,-0.0888377736029929,Failure,1888.0,4081.754637285351,0.04989554758450036,1888.0,0.07117375451073125,944.0,0.06356495459433137,708.0,0.04826114670152688,3533.0,0.029790694267325103,1180.0,0.028264769961037325
927,2004.02.18.21.02.39,0.1509290111484535,0.878651414831352,0.0068662190327915,Failure,1887.0,4016.128654024494,0.04555270375155616,1887.0,0.07017035735998814,944.0,0.049949592927284785,708.0,0.044111326100396066,2123.0,0.028388235688929606,3531.0,0.023446582856794296
928,2004.02.18.21.12.39,0.1583352741280449,0.5093037113259804,0.0767457963739585,Failure,1888.0,4111.377355938724,0.050129495473097405,1888.0,0.07073347449808261,944.0,0.06414964344987956,708.0,0.04867134586470333,4477.0,0.027108750330253423,1180.0,0.027030738768510185
929,2004.02.18.21.22.39,0.1705056983331129,0.3598556796663938,0.0681160814807222,Failure,944.0,4098.948513084567,0.05813322785083848,944.0,0.05973158553713227,1889.0,0.049867851634243884,708.0,0.04739510668502944,4478.0,0.044005762917840835,4714.0,0.040708585764680755
930,2004.02.18.21.32.39,0.1677026281379484,0.397801942541891,-0.0004318289076717,Failure,944.0,4090.400472589309,0.05624086624291764,944.0,0.057904700975299796,4492.0,0.05580348322294788,1888.0,0.051802115172717225,708.0,0.04933515566690084,4728.0,0.03072325296221541
931,2004.02.18.21.42.39,0.179620514824179,0.5302426757931595,0.0025741501538786,Failure,1888.0,4155.680170671858,0.06451337044922091,1888.0,0.06909866810541006,944.0,0.06312756199417183,4476.0,0.06031976405288755,708.0,0.05247295330449125,4712.0,0.04178826324693161
932,2004.02.18.21.52.39,0.192045559881796,0.7571049470480635,-0.0056297300738126,Failure,4492.0,4165.821185837704,0.0737545813107985,4492.0,0.06445209536168343,944.0,0.06363058126299366,1888.0,0.062435990153544875,708.0,0.05240822774084988,4728.0,0.04309281310687792
933,2004.02.18.22.02.39,0.1999962128547688,0.8609358829813223,-0.0392481219237388,Failure,4474.0,4165.307358712641,0.07998882073292925,4474.0,0.07988492763687155,1887.0,0.07136001930553397,4710.0,0.049452888243716846,943.0,0.04810408685500803,708.0,0.03924374523744515
934,2004.02.18.22.12.39,0.2244572852468607,1.4313680652798766,-0.1066916768695006,Failure,4474.0,4192.176838829409,0.10075658645980913,4474.0,0.07474552957917448,1887.0,0.06188605649266207,943.0,0.04443046984174146,4710.0,0.04221609093555108,4238.0,0.04045269221872524
935,2004.02.18.22.22.39,0.2659295177268546,2.188355898835968,-0.1112542197623799,Failure,4492.0,4281.686559815559,0.14142772225465614,4492.0,0.0993116873597678,1888.0,0.06845283614662721,4728.0,0.06442502082250003,944.0,0.062132738391833364,4256.0,0.05894821288993246
936,2004.02.18.22.32.39,0.2011581127574153,1.816224804256944,-0.162985254922343,Failure,944.0,4237.3761429993065,0.0809178580310013,944.0,0.06538156431452721,1888.0,0.06521984124346131,708.0,0.05841842616389761,4491.0,0.055775326983281394,4255.0,0.04298381443041449
937,2004.02.18.22.42.39,0.1969095878595443,1.4284091908193126,-0.1359941753525065,Failure,944.0,4116.422552949173,0.0775312023940529,944.0,0.05589150826433991,708.0,0.0549173789808213,1888.0,0.04678449922889511,4490.0,0.04597103634309352,4254.0,0.04473835477446084
938,2004.02.18.22.52.39,0.1955975990444492,1.1907125645598269,-0.1275318383646438,Failure,944.0,4134.72568512568,0.07650885844120064,944.0,0.06389012839659206,708.0,0.056046130753808224,1888.0,0.05473421252854599,4256.0,0.05279853700150277,4492.0,0.04510513262247676
939,2004.02.18.23.02.39,0.1664728015393017,0.7069339010890472,-0.0448415065656921,Failure,1887.0,4073.3849162818096,0.055420628797813995,1887.0,0.05417811417579104,708.0,0.05137404286820835,944.0,0.05117755363017439,4239.0,0.03604458413825653,3767.0,0.03410160773563722
940,2004.02.18.23.12.39,0.1624004647083868,0.8365146408675304,-0.0248206522094282,Failure,944.0,4096.137069583549,0.05273266444043669,944.0,0.060772181081180626,1888.0,0.060048664635919215,708.0,0.059323205526752534,3783.0,0.03621004528918114,4019.0,0.02969784382296315
941,2004.02.18.23.22.39,0.1700693232391757,0.8079763666608222,-0.0455125760863787,Failure,1888.0,4126.732347127237,0.05783817306081726,1888.0,0.06371907588291499,944.0,0.06347864387331785,708.0,0.06041827495316843,3783.0,0.0361418509917099,3547.0,0.030341461309677555
942,2004.02.18.23.32.39,0.1630829546508654,0.2385955216466082,0.1172371960863236,Failure,944.0,4192.624878886029,0.05317716504309846,944.0,0.06647675538501943,708.0,0.05923662978230818,1888.0,0.0590845046574188,3769.0,0.03059049527308937,1652.0,0.02945323230959976
943,2004.02.18.23.42.39,0.197988164621217,0.6918752464391398,-0.0040041385348459,Failure,944.0,4270.252192648884,0.07838875338557799,944.0,0.06127449715078725,708.0,0.05833367556442416,4476.0,0.05043045600021278,4712.0,0.048723505767592754,1888.0,0.04699300301932383
944,2004.02.18.23.52.39,0.1884763268457076,0.6431576445294054,-0.0540376429082731,Failure,944.0,4201.162222689137,0.07103675402244272,944.0,0.06556186685309172,708.0,0.06176044250154139,1888.0,0.060859187298928696,4491.0,0.05162618339410006,4727.0,0.04028663719801318
945,2004.02.19.00.02.39,0.2154372793596563,1.458711595945802,-0.0800775765003318,Failure,4477.0,4239.20406027207,0.09281862014401872,4477.0,0.07784119622882532,944.0,0.06398646789597448,708.0,0.0630668161199805,1888.0,0.058482198127901355,4713.0,0.05559345005704463
946,2004.02.19.00.12.39,0.1838510388662177,0.8855776669293616,-0.1466722522955569,Failure,708.0,4151.355041501308,0.06759387286832226,708.0,0.05855839905331023,1887.0,0.057399011505818845,944.0,0.057287873542123086,4490.0,0.049623243595706565,4726.0,0.032024420673081956
947,2004.02.19.00.22.39,0.1638758217704414,0.2644797653217505,0.1206111315654004,Failure,708.0,4131.910190947232,0.05370350796207962,708.0,0.06030878965512715,1887.0,0.055479002776078715,944.0,0.05470920633062977,4475.0,0.030381025649229593,4239.0,0.028575873922172586
948,2004.02.19.00.32.39,0.1583213382414958,0.3269080575747445,0.0539936733944768,Failure,708.0,4157.364634453182,0.05012115009026491,708.0,0.05443850855019074,944.0,0.05092414607826517,1887.0,0.04355547834408162,4711.0,0.03715375949568649,472.0,0.0276663698459752
949,2004.02.19.00.42.39,0.1612034889316915,0.5962783117213477,-0.2505573194864186,Failure,708.0,4344.348862428413,0.05196470458845592,708.0,0.0595448235617621,944.0,0.05592504615351171,4491.0,0.048368160108556046,1888.0,0.045545030192917016,1180.0,0.03241203034526303
950,2004.02.19.00.52.39,0.1829362166849418,0.9118408191974584,-0.423249668139527,Failure,944.0,4298.796768499368,0.06692401785089654,944.0,0.062194134608578915,708.0,0.06119481039520406,4491.0,0.055342762963476566,1888.0,0.05320076660394803,1180.0,0.03592525688756814
951,2004.02.19.01.02.39,0.2144247164699143,1.374046176080066,-0.2926748782430145,Failure,4490.0,4198.915260396777,0.09194723473867772,4490.0,0.05994714213436099,4254.0,0.058440438520759044,708.0,0.05647537614491149,944.0,0.0563594764121452,1887.0,0.05015987287183872
952,2004.02.19.01.12.39,0.23728752594838,1.2521377158068745,-0.1798419516678101,Failure,4254.0,4232.972142969717,0.11260095308479284,4254.0,0.06797506264437458,4490.0,0.06605265383381267,708.0,0.058102152863931805,1887.0,0.05627291407271942,944.0,0.05498617039845695
953,2004.02.19.01.22.39,0.198759839575617,0.3930067403957853,-0.1909367796518029,Failure,4490.0,4203.658988565444,0.07900168548959838,4490.0,0.06238366239915373,708.0,0.050308570689505554,944.0,0.049922651470835716,4711.0,0.044622475829878105,472.0,0.034105621741682655
954,2004.02.19.01.32.39,0.2361434556379342,0.6124751846308487,-0.1931955108265849,Failure,4492.0,4250.412132533953,0.11151384189849306,4492.0,0.08740911735954794,4728.0,0.06573371353772366,944.0,0.05506386792802818,708.0,0.05156404827911948,4256.0,0.04082505433096881
955,2004.02.19.01.42.39,0.2029883943293849,0.5611380194014495,-0.2201343659935783,Failure,4476.0,4320.313171306805,0.0823958098716748,4476.0,0.06387025417638476,708.0,0.04453667199735759,944.0,0.043835880563962454,4240.0,0.04283401681153739,4712.0,0.040388592361237444
956,2004.02.19.01.52.39,0.2210419021583139,0.4655669752736662,-0.1128070466174053,Failure,4726.0,4373.545388313379,0.09770905314814371,4726.0,0.056226166661629065,4490.0,0.054032314880735094,1888.0,0.04795041008170303,944.0,0.04011341748659401,4018.0,0.038718298145149904
957,2004.02.19.02.02.39,0.2072211659582431,0.1687446154006875,-0.1609940615000826,Failure,1888.0,4375.1960638078335,0.0858644325915106,1888.0,0.06082578305833422,4476.0,0.05734228531241149,944.0,0.041218108821862866,472.0,0.0395352188109886,4712.0,0.0387462101606424
958,2004.02.19.02.12.39,0.2615312065920325,0.819911092895623,-0.1026115129104329,Failure,1888.0,4479.042408783309,0.1367835396482351,1888.0,0.09214135985366989,4255.0,0.07085504951430553,4491.0,0.06717998583744657,4948.0,0.06439094206298489,944.0,0.05743013201023977
959,2004.02.19.02.22.39,0.201622636741226,0.5009320077403623,-0.2648368710711501,Failure,944.0,4463.192556366445,0.08129141260565168,944.0,0.05420827120922353,4255.0,0.049987686161407495,4941.0,0.044942674668168175,1888.0,0.04188871325366123,472.0,0.03786731091471113
960,2004.02.19.02.32.39,0.2228994363838418,0.5709460275133078,-0.0414220243372993,Failure,944.0,4442.9562861149,0.09935605897875237,944.0,0.0852504181965967,1888.0,0.0671554520677196,4255.0,0.05958945632154492,4963.0,0.051943777558836196,708.0,0.04842048386697416
961,2004.02.19.02.42.39,0.2592424483403217,0.1682813727891927,-0.0859534587024061,Failure,944.0,4356.013652039851,0.13439702151573021,944.0,0.0879152105091413,708.0,0.057779240469057185,4242.0,0.05679097298770639,1180.0,0.04331588081784554,4478.0,0.04309547777288412
962,2004.02.19.02.52.39,0.2316656449388253,0.2930961828855869,0.0196818754125519,Failure,944.0,4412.186015378375,0.10732932435896618,944.0,0.09071577632196244,708.0,0.07117847879382694,4950.0,0.051031294329698954,4006.0,0.046241956209754645,1180.0,0.042214216138376066
963,2004.02.19.03.02.39,0.2345764202212748,0.4463146708758181,0.0897884369818921,Failure,708.0,4463.375057497797,0.1100429567064981,708.0,0.06956996839060098,1889.0,0.06252344823198075,4021.0,0.05658528556745271,4965.0,0.05622261315534979,944.0,0.052366606943893904
964,2004.02.19.03.12.39,0.2474972149069939,0.162353071198769,0.1196653650113233,Failure,3771.0,4494.413497461956,0.12250537807945114,3771.0,0.05525521111517404,4952.0,0.053995121415413884,708.0,0.04481487616816953,945.0,0.04261380027302908,3535.0,0.040070959140290664
965,2004.02.19.03.22.39,0.2971881006007338,0.4668719209344352,-0.1670041367819853,Failure,944.0,4391.05921411558,0.1766360428596239,944.0,0.08531183261132436,4478.0,0.07880071152880401,1889.0,0.06418719343672062,4965.0,0.05708033373026358,708.0,0.054405599850028366
966,2004.02.19.03.32.39,0.2916511123549687,0.1737045854862606,-0.0271667484990647,Failure,4944.0,4414.504777589204,0.17010564008696558,4944.0,0.07211298472974516,944.0,0.07153073321018975,4730.0,0.06910152316748487,3549.0,0.05357289502910746,4021.0,0.04694581839123561
967,2004.02.19.03.42.39,0.3437355161721363,-0.2645413360708852,-0.0626977532369813,Failure,4476.0,4439.658535238337,0.23630138101548837,4476.0,0.11852817541620667,944.0,0.09444759303324902,4240.0,0.06329857523655551,3532.0,0.058966785313513084,4712.0,0.05640971537400478
968,2004.02.19.03.52.39,0.3148111378891517,-0.2588740512312379,0.007877226991928,Failure,4715.0,4372.102001388045,0.198199236829024,4715.0,0.10768694798232309,1889.0,0.0765119406475121,4951.0,0.0725150415389987,4479.0,0.06393953500831084,3785.0,0.06277799789494969
969,2004.02.19.04.02.39,0.3257155681690027,1.5961439154093575,-0.1222707637618923,Failure,4966.0,4492.217445528118,0.21215887119879098,4966.0,0.0794888472442925,4494.0,0.06901546965707188,1889.0,0.06853223036567187,4258.0,0.06675614073492629,1181.0,0.05428719973192839
970,2004.02.19.04.12.39,0.3530901072362761,2.2372547302258763,-0.2796229613719415,Failure,945.0,4470.303614774752,0.24927141627703608,945.0,0.08091402044689444,3550.0,0.07177730830566068,4967.0,0.07034312883184929,4495.0,0.06957990976621303,709.0,0.061841986275295746
971,2004.02.19.04.22.39,0.429678447916015,6.0228666429516124,-0.089387391031009,Failure,4479.0,4454.679709695414,0.3692183238938581,4479.0,0.10703458977520053,4951.0,0.10166295106561139,944.0,0.07417443866337456,708.0,0.0629933545983468,3298.0,0.059890677080111344
972,2004.02.19.04.32.39,0.4155698306312181,2.710834902830197,-0.0655885074232399,Failure,4497.0,4409.254869142593,0.34534112273320783,4497.0,0.12299431782181919,4719.0,0.08430076387063722,4948.0,0.07578436153371727,1890.0,0.07317338801367439,4261.0,0.05919585462592705
973,2004.02.19.04.42.39,0.3716810865876189,8.78736473241632,-0.0720069162860087,Failure,4482.0,4500.4206924794225,0.27618131279127917,4482.0,0.061081680790301844,4024.0,0.059496461460793286,3773.0,0.05719600530514814,1654.0,0.05262963831748252,3544.0,0.04322264115952702
974,2004.02.19.04.52.39,0.4476727901067397,3.161553346450286,-0.468654951277646,Failure,1891.0,4399.534825581513,0.4007883540476453,1891.0,0.17507965696257188,4713.0,0.10965914215600613,4484.0,0.08785924650810512,4262.0,0.08235088790630632,4949.0,0.06295543484529569
975,2004.02.19.05.02.39,0.6721374879698163,14.110009232265156,-0.7660666557271534,Failure,4737.0,4240.57709182488,0.9034048629537199,4737.0,0.14642975567990252,946.0,0.09715586517810189,1892.0,0.09615386792855579,4959.0,0.088871381016901,3540.0,0.08819124015845695
976,2004.02.19.05.12.39,0.530956128967989,9.796460845214698,-0.416445831645933,Failure,4264.0,4257.296694099168,0.5636858081998845,4264.0,0.13328538433231077,4486.0,0.11990699194633732,1892.0,0.108978438262414,4715.0,0.057195386918196006,4013.0,0.05615426972976573
977,2004.02.19.05.22.39,0.4459182473835416,1.624277812551865,-0.1593117319267757,Failure,1892.0,4219.097165223343,0.3976349531011092,1892.0,0.11873343161268696,4724.0,0.11184344369313698,4251.0,0.09088179544652678,4975.0,0.09080258780045751,4014.0,0.059731093163026265
978,2004.02.19.05.32.39,0.386974831815952,0.4688574770029174,-0.1240341278747064,Failure,4740.0,4264.459372420325,0.29948913054286114,4740.0,0.092072629883281,4267.0,0.07811081927444337,4030.0,0.07805219188549556,3557.0,0.06606891204616766,3320.0,0.05893374936641474
979,2004.02.19.05.42.39,0.7250014697250727,12.577704574521317,-0.5105564427793186,Failure,4504.0,3986.0465485790687,1.0508338947207143,4504.0,0.17734220143455734,1893.0,0.13528530960469975,4253.0,0.08674418386455805,4726.0,0.07294096766638118,1183.0,0.07067353457523691
